うわぁ, 16
、, 2998
すべて, 51
箱, 176
さん, 452
の, 2611
新しい, 48
アート, 8
は, 2344
すごく, 72
きれい, 24
ね, 1161
✨　, 2
イン, 14
スタ, 14
を, 1052
寂し, 3
がっ, 1
た, 1479
たくさん, 94
「, 465
いい, 229
👍, 1
」, 465
ありがとう, 173
ござい, 80
ます, 534
！, 2766
🥺, 12
アイコン, 3
かわいい, 24
です, 1294
😍, 17
あっ, 180
Undertale, 1
から, 445
テミ, 4
好き, 238
な, 840
キャラクター, 18
だ, 692
それ, 83
ゲーム, 23
か, 1042
？, 1000
調べ, 31
て, 1534
み, 62
これ, 60
はい, 155
僕, 235
友達, 97
グライムズ, 1
誕生, 10
日, 44
プレゼント, 6
だっ, 152
って, 333
怖い, 64
お, 311
話し, 32
が, 1664
今日, 25
ん, 621
えっ, 22
話, 47
ふり, 8
する, 139
だろう, 161
。, 1381
ちょっと, 45
変哲, 2
いいえ, 27
違う, 69
１０, 3
月, 18
１８, 2
昨年, 1
持つ, 8
で, 1165
も, 932
尋ね, 2
か〜, 11
笑, 1434
ピクミン, 21
や, 62
マリオ, 6
ほのぼの, 2
し, 529
しか, 30
やっ, 47
こと, 395
ない, 694
秋, 6
生まれ, 7
🍄🍁, 1
すごい, 63
一番, 29
よ, 514
✨, 29
と, 965
動物, 21
森, 5
ニンテン, 3
ドー, 3
見, 176
遊ば, 2
今, 139
欲しい, 38
空, 4
高く, 11
綺麗, 52
🍁, 3
どうぶつ, 1
私, 248
まし, 330
Wii, 2
時, 101
けど, 159
現実, 8
に, 1712
い, 179
たら, 164
な〜, 31
良かっ, 26
〜, 38
🍃, 2
　, 145
ピキミン, 1
小さい, 32
あちこち, 3
いる, 301
そう, 282
テレビ, 22
リモコン, 1
取っ, 7
くれ, 48
たり, 28
一緒, 21
菓子, 22
食べ, 61
Reacted, 9
to, 20
your, 9
story, 13
:, 31
🎉, 2
日本, 274
カシ, 2
彼女, 15
夫, 3
仙台, 7
住ん, 19
３, 10
訪ね, 5
本当, 51
とても, 143
たのしい, 1
かー, 5
3, 18
なら, 53
(°_°), 1
もし, 12
すれ違っ, 1
青, 8
風呂, 3
入れ, 14
🛀, 1
う, 3
そ〜, 1
黄色, 2
髪, 19
外国, 30
人, 333
多分, 81
その, 79
なぜ, 15
特別, 22
会え, 3
偶然, 4
金髪, 7
😳😳, 4
水, 8
強い, 13
他, 25
弱い, 3
不思議, 17
思い, 125
😊, 32
あぁ, 2
ぁ, 13
分かる, 44
アメリカ, 158
有名, 11
じゃ, 189
少し, 107
悲しい, 23
憧れ, 3
カッコ, 44
色々, 7
髪色, 5
カラフル, 2
イメージ, 33
🧑🏻, 1
‍, 3
🦰👩🏼, 1
🦳👨🏽, 1
🦱🧒, 1
歌, 38
流れ, 1
属性, 1
覚え, 22
やすかっ, 1
誰, 43
できる, 68
かっこ, 21
あぅ, 1
ある, 336
分かり, 21
クイズ, 6
やがて, 1
戻る, 8
だいたい, 2
黒, 6
新鮮, 6
感じ, 53
YouTube, 17
き, 75
😳, 53
待っ, 14
ね〜, 6
すみ, 69
ませ, 126
統計, 4
😅, 32
作っ, 40
語, 175
だめ, 9
ごめん, 69
もう, 44
一, 72
度, 32
後, 36
使っ, 63
あ, 83
なぞなぞ, 1
みたい, 152
英語, 119
refreshing, 1
言う, 20
らしい, 23
言葉, 67
英訳, 3
思う, 188
何, 144
例え, 3
世辞, 2
心, 26
暖かい, 3
必要, 73
伝わっ, 8
学校, 37
授業, 16
難しかっ, 4
😥, 5
母語, 1
話者, 2
難しい, 94
時々, 48
フランス, 13
ドイツ, 3
紛らわしい, 5
Back, 5
the, 10
Future, 5
chicken, 4
臆病, 2
者, 13
意味, 136
😂, 51
え, 47
楽しい, 97
単語, 53
鶏肉, 4
いつ, 154
ビクビク, 1
１０６６, 1
年, 37
イギリス, 9
打ち勝っ, 1
言語, 31
（, 65
よう, 149
）, 61
交え, 1
マーティ, 3
言っ, 65
ハリー, 12
ポッター, 13
聞い, 41
あり, 96
違い, 16
よく, 67
わから, 15
なかっ, 75
なるほど, 11
なん, 41
複雑, 4
難し, 3
分かっ, 8
見分ける, 1
家族, 28
中国, 6
同じ, 39
r, 2
パイレーツ, 1
arrrr, 1
ながら, 17
っ, 14
見え, 11
感覚, 6
🧐, 8
発音, 13
巻き舌, 1
は〜い, 6
正しい, 7
漢字, 25
とうとう, 9
愛, 9
聞き, 50
愉快, 4
ひらがな, 5
怖く, 5
R, 6
L, 6
舌, 2
歯茎, 1
つけれ, 1
ば, 44
回, 21
言わ, 22
れ, 71
😚, 20
せつない, 1
気持ち, 29
なり, 43
ぜんぜん, 2
大丈夫, 99
ラ, 1
ダ, 1
口, 15
上, 21
当たら, 2
当たる, 1
役, 5
立てれ, 1
幸い, 3
悲喜, 1
こもごも, 1
🌧️🌌, 1
柔らかい, 4
印象, 8
方, 65
考え, 32
てる, 166
聞く, 18
機会, 6
ら, 17
すれ, 2
pebble, 4
すき, 6
悲しく, 2
赤, 3
火, 11
♫, 1
やつ, 5
種, 2
うた, 1
題名, 1
説明, 14
でき, 80
愛用, 1
リスト, 15
中, 51
そうそう, 36
歌詞, 17
見つける, 10
音楽, 30
スーパーマリオギャラクシー, 1
ん〜, 1
何者, 1
オルゴール, 1
コピー, 3
鳥肌, 1
立つ, 2
音, 41
似, 22
🤔, 12
小石, 2
字, 7
並び, 1
気, 35
入っ, 14
使わ, 15
ギャラクシー, 2
懐かしい, 6
☺, 130
️, 166
平和, 5
コース, 1
でし, 49
聴く, 2
すごかっ, 1
演奏, 6
会, 4
行き, 18
たい, 176
なぁ, 85
部品, 3
もっと, 29
：, 21
stubble, 1
roster, 1
theatre, 1
どう, 62
ぞ〜, 1
観念, 2
ー, 22
完全, 4
7, 8
歳, 43
とき, 62
ちょくちょく, 1
遊ん, 5
9, 10
弟, 30
5, 6
妹, 7
遊ぶ, 3
すすめ, 54
切り株, 1
名簿, 1
劇場, 2
１, 11
つ, 47
💦, 2
😓, 5
昔, 9
ヒル, 197
兄, 4
ときどき, 11
まごつく, 1
せん, 2
こく, 1
思い出す, 7
かれ, 1
パス, 7
コン, 2
手伝っ, 7
長子, 1
～, 12
安心, 7
あの, 20
教え, 31
2, 33
兄弟, 4
👦🧒, 1
長男, 1
彼, 31
苦労, 2
姉妹, 3
18, 6
まで, 35
大きな, 11
読め, 4
多々, 1
いらっしゃる, 1
学生, 4
家, 51
すこし, 2
賑やか, 3
大学, 34
生, 25
専攻, 1
コンピューター, 2
科学, 4
💻, 1
プログラム, 4
先生, 5
楽し, 6
🥳, 12
大人, 22
社会, 5
思っ, 68
コーディング, 1
デザイン, 14
系, 5
毎日, 39
冒険, 6
仕事, 58
勝手, 6
ウェブ, 1
アプリケーション, 1
作れる, 3
年上, 2
あれ, 9
どっち, 2
だろ, 2
行っ, 43
少なく, 5
習っ, 6
勉強, 17
皆, 12
例えば, 21
半分, 2
時間, 58
プログラミング, 5
働, 1
きる, 2
忙しい, 15
テキサス, 51
州, 24
クラス, 7
自分, 62
採用, 1
さ, 44
嬉しい, 52
都会, 2
独学, 1
しょっちゅう, 1
大きい, 22
この, 61
写真, 64
練習, 10
😄, 12
いき, 4
ましょう, 16
ほう, 11
感情, 4
伝え, 4
やすい, 10
広い, 4
大き, 5
🍔🍣😋, 1
車, 41
斜め, 2
止まっ, 3
どうぞ, 17
台, 1
ください, 56
また, 49
ここ, 11
たち, 29
より, 34
長い, 37
目的, 5
道, 7
広げ, 1
食べ物, 29
エ, 1
モジ, 1
お腹, 15
すく, 1
よぅ, 1
だけ, 93
なく, 48
よかっ, 32
1, 63
番, 18
初めて, 38
知り, 19
夜, 21
ハンバーガー, 10
🍔🍔🍔, 1
ジョーク, 4
２, 12
刺身, 1
本場, 1
アメリカン, 4
くらい, 32
😂😂😂, 3
無理やり, 1
いれ, 2
夜中, 2
いま, 6
夕方, 2
4, 13
🌆, 2
サーモン, 2
美味しい, 26
素晴らしい, 35
😂😂, 4
ねむい, 5
😪, 5
終わっ, 14
焼き肉, 3
がる, 3
😭, 6
おもしろい, 16
人生, 28
疲れ, 10
様, 19
焼肉, 5
たべ, 1
🍰, 4
😪😊, 1
次, 13
トリップ, 13
ファミリー, 1
マート, 1
ホーム, 1
ページ, 1
へ, 20
和, 7
狐, 2
ぬいぐるみ, 4
名前, 101
机, 2
どら焼き, 2
わらび餅, 1
あんこ, 4
食べれ, 1
つけ, 8
💕, 5
村, 5
ハム, 1
バーガー, 6
うわあ, 1
もち, 2
😋, 9
風味, 2
ちゃん, 35
盗む, 1
肯んずる, 1
漫画, 19
肉, 6
🍖, 1
餅, 6
甘い, 11
うーん, 9
以外, 9
なんて, 12
言え, 3
伝わる, 2
優しい, 21
人気, 4
好物, 1
おっきい, 1
右上, 1
スープ, 1
おっ, 5
パン, 13
フワフワ, 2
つけダレ, 1
バービー, 1
キュ, 1
ソース, 9
ドラえもん, 12
いう, 83
アニメ, 61
🥰, 13
カレー, 4
チャド, 1
アン, 9
マン, 8
幼年, 1
時代, 3
どら, 1
のみ, 2
村里, 1
朝, 13
大好き, 24
🥳😻, 1
種類, 9
沢山, 5
焼い, 2
ところ, 22
面白い, 63
減っ, 4
夜更かし, 2
夜更し, 1
映画, 115
空く, 6
香り, 4
２０, 6
とにかく, 4
見る, 35
起き, 14
夢, 21
出, 40
焼き立て, 2
いっぱい, 7
🤤, 1
たしか, 39
おはよう, 4
興味, 10
いっ, 11
どっさり, 1
ひとまず, 1
思い描く, 1
🍞😋, 1
将来, 7
ジャニーズ, 2
男性, 3
アイドル, 7
グループ, 7
事務, 1
所, 6
幸せ, 10
ゴキブリ, 5
美味し, 12
暇, 3
分から, 54
もちろん, 25
来, 25
(^, 2
-, 11
^)〉, 1
歌手, 3
🎤, 2
元気, 19
もらえ, 9
恐ろしい, 1
😰, 9
イイ, 10
あいにく, 10
毎週, 5
会える, 2
嬉しかっ, 4
多い, 29
↑, 28
ひと, 10
🤢, 1
ブロンド, 11
飲む, 4
逃げ出し, 1
しまう, 11
色, 26
メロン, 3
ソーダ, 4
🍈, 1
😟, 4
泊まっ, 1
ええ, 2
何しろ, 4
分け合っ, 3
泊まる, 2
😙, 8
目, 47
重, 14
羨ましい, 3
😢🥺, 1
俳優, 7
寮, 3
責任, 4
来る, 9
週間, 11
滞在, 3
通っ, 1
る, 31
🎶, 4
そんな, 15
大変, 28
😲, 1
仲間, 5
男, 7
いろいろ, 4
聴い, 12
earth, 1
angel, 1
愛唱, 3
Johnny, 3
B, 9
., 199
Goode, 4
歌っ, 6
ジョク, 2
ジョニー, 5
頑張っ, 18
・, 17
ビ, 1
グッド, 1
声, 38
まごまご, 9
質問, 36
全般, 2
間違い, 3
J, 4
POP, 4
なさい, 42
返答, 2
答え, 9
なっ, 80
理解, 15
力, 11
🙇, 16
‍♂, 4
️💦, 1
RADWIMPS, 3
スピッツ, 2
king, 1
&, 8
prince, 1
母, 9
Green, 1
Day, 1
曲, 15
知っ, 25
知ら, 35
Spotify, 1
サカナクション, 3
ミュージック, 2
君, 11
名, 11
担当, 1
新, 10
宝島, 1
実, 22
物語, 19
さあ, 2
ミ, 1
ツメ, 1
ゲス, 2
極み, 2
乙女, 2
山下, 1
達郎, 1
tofubeats, 1
Snail, 4
', 9
s, 7
House, 4
あまり, 27
苦手, 10
てらっしゃる, 1
はじめて, 2
良い, 72
わたし, 7
くださっ, 3
通常, 6
怖, 5
がら, 3
せ, 16
ばけ, 2
胸, 3
ざわざわ, 2
きっかけ, 1
🌟, 3
MV, 3
こちら, 44
こそ, 7
--, 2
言い換える, 1
落ち着か, 1
ピンク, 4
衣装, 5
ぴったり, 1
寝入っ, 1
極力, 2
努め, 1
プラプラ, 4
どの, 18
オノマトペ, 8
伝える, 1
星, 4
きらきら, 1
太陽, 7
ぎらぎら, 1
へっ, 1
ぺこぺこ, 1
など, 11
学ぶ, 7
覚える, 3
忍耐, 9
たった, 11
鮭, 2
毎月, 4
プレイ, 7
作る, 26
ぎょう, 1
じょ, 2
手伝う, 5
日常, 6
伝わら, 2
描い, 17
上手, 9
すぐ, 14
ちゃい, 8
表現, 15
マメ, 5
最近, 36
ドラマツルギー, 1
秒針, 1
噛む, 1
聴き, 3
アニメーション, 1
mv, 2
読ま, 1
道具, 3
紙, 8
書い, 19
最善, 3
尽くす, 1
好み, 6
応援, 7
📣📣😚, 1
どんどん, 4
ちゃっ, 6
‍♀, 19
ほんと, 3
向い, 1
礼物, 1
６, 3
本, 20
買い, 11
忘れる, 4
😆, 2
けー, 1
新一, 1
ショート, 4
セレクション, 1
短編, 3
集, 1
短く, 3
読み, 10
こんな, 7
じき, 1
読む, 8
冊, 1
川上, 1
弘美, 1
神, 13
薦め, 1
高校, 23
習い, 1
読み取る, 1
世界, 29
観, 13
素敵, 39
うん, 55
どんな, 33
内容, 2
主人, 3
公, 3
くま, 6
ハイキング, 1
でかける, 1
登場, 10
熊, 9
別, 4
生物, 2
小説, 18
離れ, 3
扱え, 1
よい, 2
しれ, 32
しかし, 51
点, 2
引っ掛かり, 1
クマ, 1
でしょう, 11
かかわら, 2
ず, 9
人物, 5
付け, 3
られ, 30
つかみ取っ, 1
魚, 6
固有, 2
名詞, 1
書か, 7
女, 6
どちら, 18
礼儀, 1
正しく, 10
優し, 3
恐い, 1
感じる, 13
散歩, 3
普段, 4
付か, 1
通り過ぎ, 1
もの, 47
向く, 1
疑問, 4
わい, 1
文脈, 2
沿っ, 1
あれこれ, 1
みる, 12
そして, 7
話し合っ, 1
展開, 1
教科, 8
書, 9
載せ, 2
話さ, 2
長く, 6
てきとう, 2
読ん, 15
試みる, 1
LINE, 7
翻訳, 14
直し, 3
まま, 5
変, 16
文章, 7
ちなみ, 1
おぉ, 2
ぉ, 4
なる, 91
願い, 12
長文, 4
送りつけ, 1
訳, 3
相談, 3
のり, 1
へり, 1
だれ, 2
優しく, 6
ケビン, 6
碧眼, 3
blonde, 1
haired, 1
and, 2
blue, 1
eyed, 1
５, 4
混乱, 11
~, 2
ちゃんと, 13
ネット, 5
用語, 1
繋げ, 1
男の子, 15
ロン, 11
一生, 5
懸命, 3
子供, 36
頃, 22
可愛い, 42
スペース, 1
いくら, 1
全て, 1
終わり, 7
壊す, 2
欲しく, 3
意識, 2
込め, 3
由来, 5
想像, 12
亡くなっ, 1
悲しかっ, 1
アイルランド, 1
貴族, 2
Ethan, 3
ヘブライ, 2
ぼ, 1
昼, 5
遺産, 3
盗ん, 2
🤣🤣, 1
えー, 6
アフロ, 1
アジア, 5
族, 4
セム, 1
語派, 1
午, 3
彗喰, 3
暴れ, 2
柳, 1
壊さ, 2
心配, 16
身長, 1
髪の毛, 15
赤色, 2
立派, 4
馬, 4
彗星, 2
絵, 35
浮かぶ, 1
赤髪, 1
茶髪, 5
黒髪, 6
生き, 12
スケッチ, 9
あつ, 1
北, 2
?, 52
入り, 9
引用, 2
共有, 13
なに, 5
生まれつき, 1
焼ける, 4
茶色く, 1
南, 2
髪染め, 2
禁止, 3
みんな, 40
茶色, 10
染め, 11
見飽き, 1
名台詞, 1
食べる, 25
速い, 2
めく, 1
晴れやか, 1
皮膚, 3
白色, 1
外, 7
スライム, 5
符, 1
持っ, 36
おそらく, 7
異なり, 1
なれ, 7
戻っ, 6
しまっ, 16
こんがり, 1
焼け, 1
健康, 2
言い回し, 2
ビッグ, 5
フット, 5
緑, 6
問題, 18
😌😏, 1
伸び, 2
切っ, 3
ちゃう, 7
部, 1
活動, 5
妖怪, 6
近頃, 2
聞か, 22
暑い, 12
🥵, 2
部屋, 3
ずっと, 14
最初, 14
描き, 9
UMA, 3
っけ, 10
ああ, 2
Unidentified, 1
Mysterious, 1
Animal, 1
略, 2
造語, 2
雪, 13
降り, 1
出さ, 1
華氏, 1
82, 1
unidentified, 1
mysterious, 1
animal, 1
聞, 1
かっ, 2
cryptid, 1
／, 1
クリプチッド, 2
降ら, 1
こっち, 2
24, 2
よ〜, 6
🌝, 1
運, 2
😭😭, 2
霊的, 1
化け物, 2
存在, 5
温度, 1
29, 1
😵, 1
飲ん, 17
💧💧, 1
^)>, 1
間, 10
久し, 6
ぶり, 13
使い, 20
湯, 3
チャッド, 1
連絡, 1
取る, 4
使う, 24
Discord, 6
Instagram, 8
機能, 4
スタンプ, 9
カード, 1
近い, 13
不仲, 3
選ん, 9
作ろう, 2
イラスト, 25
呈上, 2
試験, 4
メッセージ, 23
電話, 9
方法, 18
式典, 1
出せる, 1
💪😎, 1
もともと, 1
ビデオ, 20
ため, 51
作ら, 2
戦い, 1
呼ば, 5
！☺, 2
作り, 22
研究, 1
つくし, 1
理由, 11
悪い, 16
コルド, 1
言い訳, 1
✨☺, 4
ねい, 1
あと, 14
さっき, 2
ぐっすり, 2
寝れる, 3
😴, 2
来年, 5
17, 1
寝, 22
期待, 2
コロナ, 24
影響, 6
成人, 3
式, 17
やっぱり, 4
遠い, 6
時差, 3
見せ, 7
られる, 5
全く, 11
開く, 1
10, 12
せっかく, 1
振袖, 2
着る, 18
😢, 19
られれ, 1
オン, 6
ライン, 5
地球, 2
😞, 3
家屋, 1
終え, 1
(, 26
), 29
つく, 3
わ, 1
はーい, 2
飛行, 6
機, 11
旅行, 9
長, 4
あぁ〜, 1
婆, 3
爺, 2
父, 10
満足, 4
🍺, 1
ロゴ, 4
尻, 2
痛く, 3
インターネット, 7
関心, 2
痛い, 13
座っ, 2
トム, 11
ジェリー, 8
着, 33
パソコン, 14
開け, 3
明日, 9
撮り, 6
送り, 4
なー, 4
忘れ, 18
カ, 2
プ, 2
ガウン, 2
Photoshop, 2
Illustrator, 2
きのう, 1
会話, 17
しり, 1
嬉しく, 1
ダウン, 1
キャラ, 7
ピアノ, 4
うまい, 1
illustrator, 2
乗っ, 4
乗り, 3
寝れ, 1
衣服, 2
協力, 2
💪, 6
寝る, 18
常時, 1
蓮華, 2
坐, 1
便利, 17
座し, 1
シュール, 1
描く, 13
明るい, 1
誤り, 2
改める, 1
簡単, 17
インク, 4
台無し, 1
こなせ, 1
上達, 1
しばらく, 3
思い出し, 11
笑っ, 4
Vous, 2
Voilá, 2
電気, 1
👏, 5
上級, 2
酔わ, 2
酒, 21
21, 7
たがる, 3
リンク, 4
字幕, 7
https, 12
/, 47
www, 1
youtube, 2
com, 5
watch, 2
v, 2
=, 6
i, 1
8, 7
tenyWGVs, 1
車酔い, 1
飲め, 4
たばこ, 2
えのき, 8
メープル, 16
前, 31
揺れ, 2
動き, 5
凄い, 4
枚, 5
ぐらい, 1
タバコ, 5
金, 8
貯める, 1
ラムネ, 4
余計, 3
晴れ晴れ, 1
多, 2
すぎ, 9
毎, 2
第, 2
二, 14
12, 2
２８００, 1
精々, 1
週, 7
かかる, 10
代わり, 1
付き, 1
飲み物, 2
集中, 3
あなた, 7
全体, 3
的, 67
味, 22
与える, 3
19, 1
両方, 7
下書き, 1
ほぼ, 1
完了, 1
窓, 1
臭い, 3
同い年, 1
完成, 1
昨日, 7
まだ, 30
途中, 4
風, 5
匂い, 26
でかし, 2
夏, 20
冬, 18
牛乳, 5
石鹸, 8
シナモン, 7
ミント, 8
シネ, 2
安く, 1
わかる, 4
ハッカ, 1
探し, 8
チョコレート, 1
アイス, 15
クリーム, 9
砂糖, 3
おいしい, 6
パッケージ, 3
ぜひ, 5
歯磨き, 2
粉, 1
ペラペラ, 10
落ち着け, 1
買え, 2
設計, 1
含ま, 1
チョコ, 5
最高, 20
食べれる, 1
意見, 3
几帳面, 2
辞書, 18
香水, 1
落ち着き, 1
バースデー, 1
ケーキ, 16
国, 16
書く, 6
忠実, 1
硬い, 2
やら, 4
かくて, 1
豊, 1
キュン, 1
おさる, 1
ジョージ, 1
わかり, 7
そこ, 6
棒, 4
買う, 6
シーン, 10
＝, 13
つき, 1
子, 18
覗い, 1
急, 3
剛性, 1
びっくり, 11
多く, 14
友, 1
宮城, 7
蔵王, 1
キツネ, 9
土産, 1
氷, 1
っぽい, 16
ネバ, 1
り, 3
可愛かっ, 1
レモネード, 1
🍋, 1
あそこ, 1
YouTuber, 4
クリーミー, 1
偲ぶ, 4
モコ, 4
丸まっ, 1
抱っこ, 2
🦊, 2
あったかく, 1
よさ, 1
垂れ目, 1
やすみ, 6
叙事, 2
敬語, 9
セリフ, 2
部分, 13
使用, 4
特定, 2
ジャンル, 1
近代, 1
文学, 2
純, 1
夏目, 8
漱石, 8
太宰, 1
治, 1
作品, 8
いく, 25
児童, 1
向け, 6
絵本, 2
丁寧, 4
進ん, 2
語ら, 1
れる, 23
少ない, 2
後輩, 1
使え, 9
適切, 4
気分, 2
害し, 1
たく, 15
ばかり, 5
🙆, 9
失礼, 1
伝えよう, 1
くい, 1
funk, 2
it, 1
up, 3
←, 1
楽しむ, 3
大切, 30
1970, 1
年代, 6
ディスコ, 1
パーティー, 3
したがっ, 1
コンテキスト, 1
楽しん, 7
楽しく, 13
パーティ, 2
So, 1
come, 1
on, 1
,, 1
party, 2
パッティ, 1
何何, 4
最後, 3
out, 4
正当, 2
たかっ, 11
何々, 2
提案, 5
話す, 41
I, 9
m, 3
down, 1
for, 1
____!」, 1
若者, 8
仰っ, 1
くれる, 19
じい, 8
気安い, 1
使える, 7
ビスケット, 1
クッキー, 8
ばあ, 14
焼き, 6
旦那, 1
グミ, 1
じまっ, 1
鐘, 2
閉じ, 2
宿, 1
煎餅, 1
分け合う, 2
黒糖, 1
OREO, 1
オレオ, 6
よー, 3
久しく, 1
You, 4
replied, 3
their, 4
試し, 2
スーパー, 8
行く, 16
ト, 4
リプ, 4
トリプル, 1
アクセル, 1
旅, 8
trip, 1
図書, 1
館, 11
癒さ, 5
ZUTOMAYO, 1
昨, 2
コラボ, 2
硝子, 1
少年, 6
ま, 5
動画, 8
わかっ, 1
速度, 1
武, 1
武士, 2
16, 3
ノアール, 4
買っ, 7
安かっ, 1
つまり, 2
人々, 17
勇敢, 1
歌う, 4
勇気, 7
たまに, 15
空い, 2
😅😋, 1
若い, 13
泳ぐ, 3
レッスン, 5
受け, 9
ノイル, 2
物覚え, 1
泳げる, 1
進ま, 2
ノワール, 1
酸味, 1
泳ぎ, 2
プール, 4
食べ比べ, 1
みよう, 2
嫌, 9
25, 1
達, 2
海, 52
沖, 2
船, 3
海岸, 1
泳がさ, 1
岸, 5
訪問, 1
泳, 1
運動, 1
砂浜, 1
浅瀬, 2
痩せる, 1
海藻, 1
ゆらゆら, 1
小魚, 1
泳い, 3
深い, 7
真っ黒, 2
足, 2
引っ張ら, 1
浅い, 3
海洋, 2
向こう, 1
暗い, 3
生き物, 1
美しい, 5
波, 1
明かり, 1
水族, 5
楽, 5
水生, 1
小さな, 4
指さし, 1
母親, 2
宇宙, 7
見える, 11
🌌, 3
うみ, 3
もり, 2
くらげ, 8
穏やか, 1
乗せ, 1
もらっ, 5
クラゲ, 5
静, 1
かぁ, 4
無, 4
抵抗, 2
流さ, 1
落花, 1
流水, 1
おくる, 1
当てはまっ, 1
漁船, 2
🚤, 1
同意, 5
ペット, 3
有する, 1
雰囲気, 9
優雅, 1
かんじ, 3
飼う, 1
飼っ, 2
スナフキン, 8
食わ, 1
せる, 6
個, 1
信じよう, 5
信じ, 15
まい, 5
Google, 16
探す, 8
漁師, 1
プランクトン, 1
詳しく, 4
😣, 7
ムーミン, 5
出る, 1
フランク, 1
トン, 1
知名, 2
高い, 31
ぃ, 10
😳😳😳😩, 1
フィンランド, 5
🇫🇮, 1
全然, 9
宣伝, 2
寒い, 7
😔, 4
作り物, 4
ポルトガル, 1
ストーリー, 9
訳し, 2
女の子, 23
ふう, 1
描け, 3
寒中, 1
水泳, 1
かもめ, 2
食堂, 5
舞台, 2
😩, 1
予告, 1
編, 1
安らか, 2
おかしい, 10
速, 1
すぐる, 1
つい, 51
一人, 5
大, 4
事件, 3
緩やか, 1
フィランド, 1
小物, 1
街並み, 1
吹き替え, 2
街, 12
ダイアリー, 6
返信, 8
ガッカリ, 1
おかげ, 7
全部, 3
解決, 2
聞き取り, 7
進む, 1
めった, 3
立て, 2
ワンダフル, 1
ジャーニー, 1
たぶん, 9
賞, 4
っぽ, 1
町並み, 1
映像, 8
分かれ, 1
メール, 6
待機, 1
寮舎, 1
引っかかる, 1
未来, 8
遠く, 6
賞金, 1
知れ, 5
ほしい, 5
アカデミー, 1
書き, 4
Ernest, 1
Celestine, 1
Song, 1
of, 5
Sea, 1
Pixar, 1
スタジオ, 4
ジブリ, 8
はじめ, 2
メモ, 1
うれしい, 16
落ち着い, 5
借り, 6
青い, 2
返事, 2
ゆっくり, 8
休ん, 5
下さい, 8
🥛, 1
服, 30
合わせ, 5
着替え, 2
方向, 1
注意, 4
続ける, 8
憩う, 1
千, 9
千尋, 10
神隠し, 9
カオ, 4
ナシ, 4
変わる, 4
ほとんど, 15
黒目, 1
焦げ茶, 1
✨！, 2
青色, 2
茶, 19
空き, 5
チーズ, 8
せい, 4
🌞, 1
光, 3
寝足り, 1
弱, 1
保護, 5
層, 2
桜, 6
木, 3
🍂, 1
サングラス, 6
かけ, 7
なきゃ, 5
🕶, 2
眠い, 5
早起き, 1
番組, 8
ディズニー, 1
ランド, 2
ミニー, 1
送っ, 6
優太, 4
くん, 3
毎朝, 2
分, 17
出演, 2
知る, 6
ディス, 1
ニー, 1
所属, 1
オリンピック, 3
種目, 1
挑戦, 2
コーナー, 1
メンバー, 1
姿, 2
もらう, 2
修学, 3
取り消し, 1
中止, 1
しまい, 17
どこ, 8
ソ, 1
メイティ, 1
買, 1
私服, 3
制服, 3
魔法, 20
服装, 7
考える, 10
よっ, 7
🇺🇸🇯🇵🇬🇧, 1
え〜, 2
悩み, 4
Wingerdium, 2
Leviosa, 2
ハーマイオニー, 1
上手く, 5
検疫, 2
パジャマ, 8
空港, 1
やる, 6
検査, 1
遅刻, 2
行け, 2
鍵, 2
かける, 1
面倒, 1
くさい, 1
やり, 3
Alohomora, 1
ようり, 1
化ける, 2
おもい, 1
いたずら, 2
半袖, 1
ジャージ, 1
白い, 5
出す, 2
シャツ, 9
ズボン, 1
ど, 2
Expecto, 1
Patronum, 1
貯まっ, 1
買おう, 2
化け, 5
ツバメ, 3
飛ん, 3
エクスペクトパトローナム, 1
守護, 2
霊, 3
自由, 7
気儘, 1
飛ぶ, 1
ふん, 8
神秘, 7
妖狐, 1
ふかふか, 1
春, 5
神社, 7
似合う, 2
！⛩, 1
占い師, 1
季節, 4
ローリング, 1
パトロナステスト, 1
良く, 6
公式, 1
テスト, 2
登録, 2
じゃあ, 13
地面, 2
葉, 1
試み, 1
結果, 4
行き当たり, 1
ばったり, 1
散っ, 1
もみじ, 1
評判, 1
手相, 4
近く, 4
500, 3
円, 6
占い, 5
イチゴ, 6
ダメ, 10
嫌い, 9
腐っ, 6
暑く, 3
傷み, 2
苺, 1
🍓, 2
割, 2
西洋, 1
🍓🍓🍓🍓🍓, 1
少なめ, 1
めっちゃ, 3
楽しめれ, 1
送る, 3
たび, 1
空腹, 2
意思, 2
決定, 1
コイン, 1
投げる, 1
面白く, 2
文字, 10
あー, 6
岩, 1
穴, 1
叶う, 3
地蔵, 1
賽銭, 2
供え, 1
訪れ, 3
提供, 1
啓蒙, 1
古く, 1
祭り, 4
国民, 3
信念, 3
ただし, 2
一部, 3
独自, 2
キリスト, 3
教, 3
ご, 10
縁, 1
玉, 2
神道, 4
教会, 2
⛪, 1
クリスマス, 4
思い出さ, 4
コンセプト, 2
とっ, 13
複数, 2
集まる, 4
話し合い, 1
祈り, 3
礼拝, 1
しる, 16
奇妙, 5
聞こえる, 11
つながり, 1
絶対, 7
叶い, 1
八百, 1
万, 3
宿っ, 1
祈る, 2
祝い, 1
🎄, 1
貧しい, 1
罪悪, 1
感, 11
.-., 2
番号, 1
守る, 1
天帝, 2
密接, 1
関係, 10
悲しみ, 3
さえ, 6
喜び, 2
過ぎ, 5
🎂, 1
見つけ, 21
⛩, 4
顔, 22
よろず, 2
^-^, 1
ぅ, 4
湯婆婆, 1
元, 3
認識, 3
チャック, 1
グー, 5
ニーズ, 5
恋人, 1
午前, 1
徹夜, 2
待た, 3
返し, 3
去年, 5
😕, 2
火災, 4
警報, 3
切れ, 1
行きつく, 1
戻り, 1
歩, 1
可能, 7
宝, 1
地図, 1
ワクワク, 7
😎, 14
ドキドキ, 2
火事, 1
器, 4
壊れ, 4
監視, 1
用心, 1
鳴らす, 1
みな, 7
老人, 1
アスチン・シャン, 1
上司, 2
終わる, 3
冗談, 5
バンダナ, 2
交ぜ, 1
テミダナ, 1
バンテミ, 1
マイケル, 1
何事, 1
終われ, 1
そー, 1
ゆー, 1
こ, 5
こんばんは, 2
🌕, 1
微妙, 1
就職, 4
苦しい, 3
出し, 3
グラフィック, 2
デザイナー, 1
手並み, 1
がんばっ, 1
願っ, 10
負け, 1
頑張り, 8
準備, 3
左, 7
ダンス, 5
多才, 1
ダンサー, 1
sexyzone, 1
慣れ, 5
自動, 6
会社, 8
Auto, 2
Zone, 1
用, 2
品, 1
sexy, 1
一瞬, 2
13, 3
デビュー, 3
赤ちゃん, 1
Out, 1
n, 1
2011, 1
水着, 3
消える, 1
ドッキリ, 2
仕掛け, 1
はあ, 1
立て直し, 2
23, 3
立て直す, 1
並び替える, 1
洋服, 4
引き出し, 1
整理, 2
目録, 1
とり, 1
謝ら, 2
でる, 8
溶け, 1
消え, 3
辛抱, 4
溶ける, 1
感想, 1
したみ, 1
一体, 1
我慢, 4
言葉遣い, 4
教える, 3
主語, 4
突き止める, 1
珍しく, 2
Ｇｏｏｇｌｅ, 1
訳者, 2
20, 6
かかっ, 4
まるっきり, 1
価値, 11
述語, 1
逆, 2
間違っ, 10
解釈, 1
わけ, 5
😊😊😊, 1
肝心, 1
気軽, 2
対応, 1
ウエブサイト, 1
真剣, 4
たって, 3
受け止め, 1
ウェブサイト, 6
受ける, 2
危うく, 1
クビ, 2
データベース, 1
誤っ, 3
削除, 3
ゴミ箱, 1
データ, 2
吐き出し, 1
ダータベース, 1
物事, 1
永久, 1
そば, 1
スクリーン, 1
３０, 2
見つめ, 1
じつ, 1
回復, 1
奇跡, 1
バックアップ, 2
復元, 2
！！！☺, 1
ショック, 1
30, 5
動け, 1
宵っぱり, 1
笑える, 1
消す, 1
すぎる, 6
ダータ, 1
深く, 3
外付け, 1
ハードディスク, 1
ドライブ, 2
あげ, 6
Photo, 1
フォルダ, 1
分け, 2
フォト, 1
プログラマー, 2
ファイル, 1
重く, 1
かかり, 3
洞察, 1
満ち, 1
定義, 1
iPhone, 9
ストレージ, 1
めいめい, 2
スマホ, 16
Pixel, 1
アプリ, 17
機種, 1
XR, 1
つややか, 1
限定, 2
自然, 11
学, 1
ボリューミー, 1
広大, 1
気づき, 2
料理, 9
大きく, 6
見せる, 4
Sony, 1
マック, 1
🥳🍔, 1
オーバーオール, 13
ソニー, 3
カメラ, 16
集め, 2
Android, 4
まあ, 4
マクドナルド, 5
はるか, 3
味わい, 1
うまく, 11
時期, 2
月見, 2
要素, 1
寒く, 2
やっと, 3
着れ, 1
天気, 4
セーター, 6
🌨️, 1
卵, 1
見立て, 2
今度, 3
頼ん, 1
下, 7
履け, 2
チャレンジ, 1
朝ごはん, 1
ほんの, 1
T, 5
ジーンズ, 3
男子, 1
ファッション, 1
いか, 3
肌, 3
堂々, 2
応答, 2
スタイル, 11
🚶, 1
OK, 2
ボーイッシュ, 2
スカート, 3
快適, 1
選択, 2
こう, 4
🤩, 2
痩せ, 3
短い, 14
乾き, 2
にくい, 1
涙袋, 11
とも, 6
堪能, 2
普遍, 4
燃え, 1
非常, 16
残念, 3
依存, 2
薄い, 4
デニム, 5
乾く, 1
永遠, 5
避, 1
細, 1
履き, 1
ずらい, 1
梅雨, 1
干し, 1
☔, 2
ぷくっ, 1
eye, 1
bag, 1
どっちみち, 3
ごく, 1
少量, 1
ネイティブ, 2
祖先, 2
右, 2
画像, 5
編集, 1
消し, 6
決して, 4
比べる, 1
数え, 1
実際, 6
メイク, 2
発見, 7
願わしい, 1
繊細, 1
そもそも, 2
挨拶, 3
ロマンチック, 2
不, 7
器用, 2
教師, 1
生徒, 4
love, 2
you, 4
我, 1
愛す, 1
訳せ, 1
否定, 1
<, 4
>, 3
•, 2
シャイ, 1
遠回し, 2
奥ゆかしい, 1
口ぶり, 1
思い違い, 1
ねぇ, 4
ストレート, 5
告白, 9
文化, 16
威圧, 2
十, 3
一夜, 1
100, 1
死ん, 2
イデア, 6
宮沢, 1
賢治, 1
注文, 1
店, 9
名作, 1
煩わしい, 1
読書, 1
追加, 2
青空, 2
文庫, 2
サイト, 4
無料, 5
著作, 1
権, 1
消滅, 1
かしこまり, 4
^, 6
E, 2
自転, 5
逃げる, 1
幻想, 3
行わ, 1
川, 4
倒れ, 5
イケメン, 4
部類, 2
古い, 12
80, 1
たろう, 2
正直, 4
青年, 1
そっ, 4
40, 2
鼻, 6
言い, 10
テルマエロマエ, 1
平たい, 1
面白かっ, 3
必ず, 2
違っ, 4
みん, 2
♪, 3
古代, 1
ローマ, 3
現代, 2
くる, 9
♨, 1
概念, 2
詩, 12
見逃し, 1
詫び, 1
申し上げる, 1
あそぼ, 1
通知, 1
失い, 1
続け, 4
!, 115
NHK, 3
東京, 7
愛し, 2
ふるさと, 2
映っ, 1
探検, 2
乗り継ぎ, 1
🥱, 1
成長, 4
ニュース, 7
道徳, 1
カートゥーン, 3
カットゥーン, 1
しばしば, 4
ヒーロー, 2
パーワーパフガール, 1
ググる, 3
デクスターズラボ, 2
作家, 1
見覚え, 1
CM, 2
スイ, 3
チュー, 1
フレンズ, 1
高, 3
ＣＮ, 1
計画, 1
暮らし, 3
😳😳😳, 1
クレイジー, 2
間違わ, 1
🍳, 1
件名, 1
変更, 1
迷惑, 3
おか, 2
けして, 2
やま, 8
散々, 1
勘違い, 9
おや, 2
まー, 1
強く, 6
怖かっ, 3
正しかっ, 1
気長, 1
まぁ, 1
驚き, 4
白日, 1
エレファント, 2
ジム, 2
King, 5
Gnu, 2
アーティスト, 4
直訳, 2
ヌー, 2
王, 1
キング, 1
呼ん, 4
建物, 2
側面, 1
ビル, 1
横, 4
階段, 1
撮っ, 1
アパート, 5
年齢, 4
よる, 4
場合, 8
品質, 1
低い, 10
安い, 3
土地, 2
庭, 7
歴史, 1
大事, 6
芝生, 3
はえ, 1
尊重, 1
感謝, 4
魅力, 5
寺, 1
城, 7
薔薇, 3
アーチ, 2
🌹, 1
バラ, 5
白石, 4
画数, 1
ヨーロッパ, 3
観光, 1
触っ, 1
アリゾナ, 1
メサ, 7
温かい, 2
暖かく, 1
保ち, 1
石, 1
野生, 1
🦁, 2
スペイン, 3
テーブル, 2
植えよう, 1
🌸🌸🌸, 1
響き, 1
周り, 8
ウロウロ, 1
チャラ, 9
コヨーテ, 6
苗木, 1
🌸, 5
狼, 1
面白, 3
犬, 3
鶏, 5
うさぎ, 3
農場, 1
なけれ, 8
宮崎, 2
県, 6
方言, 3
襲い, 1
いけ, 5
カラオケ, 2
避け, 1
走っ, 2
逃げ, 4
ハワイ, 4
定める, 1
°, 2
バイリンガル, 2
尊敬, 6
🌴, 1
１番, 1
イタ, 1
ン, 2
習う, 2
嵐, 1
コンサート, 2
気づか, 2
突然, 2
話せる, 6
遅延, 1
夢中, 2
🌊, 1
️🙆, 2
辛く, 1
マサチューセッツ, 3
親友, 1
校則, 1
変わっ, 11
ホグワーツ, 4
願わく, 1
箒, 2
のる, 1
🧹, 1
ニン, 2
バス, 3
2000, 1
２０００, 1
パーフェクト, 1
ほうき, 1
スリザリン, 1
勝つ, 1
ジェット, 1
コースター, 1
乗れ, 1
高所, 1
恐怖, 1
症, 1
飛べ, 1
グリフィンドール, 2
マフラー, 1
レイブレンクロー, 1
対し, 4
十分, 4
だ〜, 1
ハッフルパフ, 1
レイブンクロー, 1
ハッ, 1
フル, 1
パフ, 1
なろ, 1
思いっきり, 1
背中, 1
小熊, 2
通学, 1
路, 1
坂, 1
鹿, 1
油断, 1
あや, 2
警察, 2
もらい, 5
助かり, 1
笑い話, 2
チュウ, 2
ガム, 3
売っ, 4
リリース, 3
です〜, 2
予定, 2
就活, 2
働き, 3
体, 7
努める, 1
激励, 2
社, 1
内定, 4
貰え, 5
隕石, 4
落ち, 3
目覚め, 2
開き, 1
なくなっ, 3
なくなる, 1
ふと, 1
異, 4
プラダ, 1
悪魔, 1
追いつく, 2
植物, 1
植え, 2
🌻, 2
平等, 1
花, 9
レビュー, 1
ハサウェイ, 1
前向き, 1
頑張る, 2
ぜん, 1
ぱん, 1
スター, 2
梅, 1
魔女, 5
Les, 1
Miserables, 1
演技, 1
レミゼラブル, 1
銀, 1
燭台, 1
盗もう, 1
若く, 1
🧙, 1
若, 1
保つ, 1
長生き, 3
できれ, 2
ただ, 7
エノキ, 1
ライト, 3
ノベル, 3
版, 6
助ける, 1
コメント, 7
残す, 1
かしら, 4
手伝い, 12
文, 5
良けれ, 1
docs, 2
google, 2
document, 2
d, 2
Zze, 1
DCOJp, 1
KzL, 1
_, 6
CW, 1
F, 1
vh, 1
6, 8
syBuOpuZpfCGQ, 1
FOtUNM, 1
edit, 2
usp, 2
drivesdk, 1
同時, 3
ver, 2
先, 2
はず, 4
章, 2
修正, 2
しよう, 5
手伝え, 1
チェック, 3
役目, 1
ドキュメント, 1
残し, 3
すでに, 1
助け, 4
今夜, 1
見れ, 5
win, 2
４, 4
さー, 1
アーロン, 7
廃墟, 2
場面, 1
べき, 3
指し, 1
確か, 2
渡し, 1
二人, 6
帰れる, 1
考えよう, 1
立ち, 1
✨！！, 1
従い, 1
撮れる, 2
ニュアンス, 4
トピック, 2
メイプル, 1
ドキュメンタリー, 2
つかめ, 1
ふぅ, 1
🔍, 1
検索, 4
だー, 1
🥺🥺, 2
①, 2
②, 2
察, 1
早い, 5
背戸, 1
『, 1
後ろ, 2
』, 1
早口, 1
ぺ, 2
かん, 2
プレー, 1
リン, 1
とろける, 1
two, 1
them, 1
普通, 5
文法, 7
思え, 6
怖じ, 1
必死, 1
見つから, 2
裏口, 1
ヒット, 1
．, 1
letnet, 1
my, 2
sharepoint, 1
w, 1
g, 1
personal, 1
ethanhill, 1
letu, 1
edu, 1
ETdUI, 1
IPT, 1
ZNuVypwnA, 1
H, 1
cBAi, 1
56, 1
jVCmZJLJTmI, 1
gjcA, 1
e, 1
GahSJ, 1
さらに, 1
やり直し, 1
🥲, 4
特に, 2
背景, 4
透過, 4
うわっ, 4
派, 4
スキャン, 1
スキャナー, 2
アイデア, 7
サボタージュ, 1
放題, 1
おお, 1
アナログ, 1
デジタル, 3
経験, 12
iPadpro, 1
貯め, 1
撮影, 4
所有, 2
帰っ, 3
撃ち合っ, 1
iPad, 1
Pro, 1
ポスト, 1
！！☺, 1
銃, 10
丁, 1
溶かし, 3
以上, 1
褒め, 4
貰う, 1
撮る, 1
なう, 1
基本, 1
手, 7
廃屋, 1
犯罪, 2
遅れ, 5
ゲスト, 1
忙しかっ, 2
設定, 1
続き, 1
取り掛かろう, 1
長かっ, 1
むしろ, 2
いただい, 2
場所, 10
墨, 1
白, 2
辛かっ, 2
辛い, 4
国語, 2
学ん, 5
評論, 1
筆者, 1
芳, 1
詠, 1
英, 2
毎回, 5
過去, 1
分詞, 1
苦しん, 1
swum, 1
swam, 1
swimmed, 1
音読, 1
させ, 3
要約, 1
The, 9
Moth, 1
Flame, 1
愛する, 2
登る, 1
壁, 1
去っ, 1
どれ, 4
ほど, 5
モス, 1
消防, 1
隊, 1
蛾, 1
炎, 1
虫, 6
殺す, 2
曖昧, 7
入る, 2
直接, 3
繫がる, 1
強力, 1
失わ, 1
喋っ, 1
talking, 1
moon, 1
帯, 1
しょう, 2
地域, 8
カリフォルニア, 1
コロラド, 1
メキシコ, 5
故郷, 1
つれ, 3
思, 1
１２, 2
付き合う, 3
積もっ, 1
遅く, 3
ツルツル, 1
滑り, 1
まくり, 1
珍しい, 6
布団, 2
いじっ, 2
走る, 2
易しい, 1
歩く, 2
きっと, 5
受け入れる, 1
安全, 2
４９, 1
管理, 5
職, 4
スキル, 7
🕓, 1
☀, 3
🕘🌝, 1
リーダー, 1
😫, 2
幸運, 2
考えもの, 1
まとめる, 1
こなし, 2
キツく, 1
コツコツ, 2
やれる, 3
人間, 7
課題, 12
忙しく, 4
休み, 5
役割, 1
重要, 5
親切, 1
東海, 1
エア, 1
ふたり, 3
clip, 3
頑張れ, 1
離さ, 1
チャンネル, 6
難しく, 2
フィルム, 3
悩ん, 1
ちっぽけ, 1
ブログ, 1
サブスクライブ, 2
月食, 1
夜空, 2
ベランダ, 1
寝転がっ, 1
TerminalMontage, 1
アニメーター, 1
youtu, 6
be, 7
Lo, 1
dSF, 1
lU, 1
Y, 3
通じ, 3
映ら, 1
😖, 7
アクセント, 3
始め, 2
オー, 2
メン, 2
可笑しい, 6
うー, 1
ーーーーーーーーーーーーーー, 1
チャネル, 1
求め, 1
許し, 1
７, 1
ジョッシュ, 1
世話, 3
エピソード, 1
浮かび, 1
ワシントン, 2
トッド, 4
抱え, 2
正月, 2
分間, 3
スクリプト, 4
ohmygod, 1
レトロ, 1
後半, 1
terminalmontage, 1
インスピレーション, 1
合っ, 2
眠く, 1
oh, 1
god, 1
重い, 9
親, 4
撮ら, 1
初耳, 1
FUJIFILM, 2
自主, 1
制作, 3
以前, 2
意気, 1
一般, 6
Yellow, 1
包含, 2
比喩, 1
確認, 3
よろしけれ, 1
ユーザー, 1
クレジット, 1
入れる, 1
細かい, 2
もん, 7
インスタント, 1
app, 3
store, 1
インストール, 2
ドット, 1
調, 1
チャラい, 1
エンド, 2
ロール, 2
ダウンロード, 1
idfkf, 1
WtBafIKL, 1
0, 1
urBxvA, 1
PyGo, 1
Zj, 1
oweXYuU, 1
sharing, 1
アクション, 5
必須, 2
同士, 1
たー, 2
📸, 2
申し訳, 2
直せ, 1
飛び出し, 2
苦, 2
待ち, 9
いただき, 3
いたし, 2
cartoon, 2
取り掛かれる, 1
明け, 2
めでとう, 8
今年, 3
カーテゥン, 2
カナダ, 1
ノック, 2
ベアー, 1
ハウス, 1
ブルーズ, 2
クルーズ, 2
切れ目, 1
今週, 10
クレージー, 9
2021, 1
31, 2
01, 1
あけ, 2
叶っ, 1
怪我, 2
２０２１, 1
偲ん, 2
ついに, 1
修理, 2
(^-^), 1
無事, 1
ハンドル, 3
🥧, 1
数, 8
日間, 3
田舎, 14
フィアット, 2
感銘, 2
うち, 5
睡魔, 1
勝て, 1
裏側, 1
童話, 1
ルパン, 4
三, 4
世, 4
ご飯, 17
炊く, 1
遅, 2
要, 1
ಠ, 2
︵, 1
学び, 1
２０１９, 1
DVD, 1
池, 3
おとぎ話, 1
カー, 1
チェイス, 1
Disappearing, 1
Message, 1
Use, 1
see, 1
this, 1
type, 1
message, 1
食欲, 1
睡眠, 2
欲, 1
選ぶ, 3
ハク, 8
凛々しく, 1
カリオストロ, 1
理髪, 4
悔しい, 1
やめ, 5
畑, 5
髪型, 4
独特, 2
ぽい, 1
っぽく, 2
クラリス, 1
手品, 1
育て, 2
頭, 10
感激, 1
かな, 1
ル, 3
ピン, 2
トレーラー, 1
🌷, 1
野菜, 2
ぶどう, 2
ワイン, 16
今月, 1
ウサギ, 5
🐇, 1
儚い, 1
D, 2
探偵, 2
コナン, 1
vs, 1
泥棒, 1
🕵️, 1
🍷, 2
ヶ月, 4
半, 3
飲める, 5
ドーラ, 4
いっしょ, 1
可愛く, 2
ラピュタ, 1
盗賊, 1
ショー, 2
→, 14
ターキー, 3
８, 1
ビール, 2
一杯, 1
馴染み, 3
🍗, 1
唐揚げ, 1
鳥, 7
ブドウ, 4
フライド, 3
チキン, 2
飢え, 2
静か, 8
😳😳😳😳, 1
梅酒, 1
甘酒, 2
👶, 1
歳下, 1
x, 1
46, 1
z, 1
yg, 1
英文, 1
伝言, 1
聞こえ, 3
Is, 1
tip, 1
included, 1
いずれ, 1
テッペン, 1
越えれる, 1
ジュース, 7
酵母, 1
アルコール, 8
変える, 10
ふむ, 4
クリップ, 1
大声, 1
ru, 1
ed, 1
すっごく, 3
😱, 1
屋台, 4
みかけ, 1
ドゥ, 2
コメ, 2
欄, 4
笑う, 3
笑顔, 2
劇的, 1
危ない, 2
噛み, 2
イベント, 2
清潔, 5
海底, 2
溶接, 2
工, 1
タイプ, 12
あげる, 2
職人, 3
工事, 1
👷, 1
津波, 6
もの静か, 1
別人, 1
海外, 2
傷つか, 1
儀式, 1
正確, 1
描写, 1
ケーブル, 1
働く, 11
叙述, 2
花火, 7
多重, 2
人格, 2
ググ, 9
入れ替わり, 2
秘密, 1
女性, 8
嫉妬, 4
魂, 1
荒れ, 2
果て, 2
やんちゃ, 1
性格, 12
童顔, 1
顔立ち, 3
月旦, 1
治療, 3
血液, 1
型, 12
星座, 1
異色, 1
反応, 3
A, 7
瞳, 1
緑色, 1
羨ましかっ, 2
新年, 1
コンプレックス, 4
規模, 1
でか, 1
もむ, 1
妬む, 1
倍, 1
詰め込み, 1
思わ, 5
奔放, 1
歌える, 1
唯一, 5
でっ, 1
幹線, 9
太い, 1
比較, 1
深める, 1
匹, 1
ガソリン, 2
リットル, 1
50, 1
加工, 1
電車, 6
甘く, 1
濃厚, 2
Vocaloid, 1
深, 1
呼ぶ, 3
直喩, 1
ボーカロイド, 2
到底, 2
免許, 6
岩沼, 6
駅, 1
東北, 3
酔っ, 2
異なっ, 3
酔, 1
乗物, 1
酔い, 3
違法, 1
なめらか, 3
山, 14
乗り物, 1
助手, 1
席, 1
窓際, 2
送電, 4
線, 6
ラジオ, 2
ビート, 1
通過, 2
囲ま, 1
真似, 5
筆記, 1
隣, 7
谷, 1
アラスカ, 4
涼しい, 1
配電, 1
リズム, 1
出身, 5
豊か, 1
吹く, 2
心地良い, 1
汲み取れ, 1
本物, 6
おもちゃ, 3
めい, 1
めし, 1
天日, 1
スキー, 2
蜘蛛, 1
平気, 1
晴れ, 1
赤く, 1
投稿, 1
あちら, 2
住ま, 1
それぞれ, 2
若干, 1
一日, 4
丁度, 1
何色, 1
楽しみ, 8
グチャグチャ, 1
記録, 3
発信, 2
見込ん, 1
２０１１, 1
やす, 1
帰り, 4
裏山, 1
避難, 1
北方, 1
南方, 1
凍る, 2
赤道, 2
決め, 1
毛染め, 2
政治, 1
仮定, 1
住む, 4
利点, 1
気温, 1
マスク, 6
きつい, 1
😷, 1
ちゃ, 2
企業, 1
クリエイティブ, 2
地毛, 1
載っ, 1
２１, 2
氏, 2
２２, 1
慣れる, 3
エレガント, 2
役立ち, 1
地獄, 1
日焼け, 2
跡, 1
残り, 1
〜☺, 3
ずつ, 2
復興, 1
地, 4
ドラマ, 5
選ば, 1
しかも, 1
焼け跡, 2
灰色, 1
国許, 1
克服, 1
披露, 1
Prince, 3
読める, 2
体験, 1
２人, 1
笑え, 1
パーソナル, 2
カラー, 2
診断, 3
ユニット, 2
合体, 1
歌声, 1
天然, 1
唇, 1
生き生き, 1
魅せる, 1
調べる, 1
四季, 1
クール, 6
振る舞う, 2
っ子, 3
ピッ, 1
クリ, 1
合間, 1
思慮, 1
プロ, 1
貰っ, 1
ブルー, 2
ベース, 3
ウゥゥ, 1
スマート, 2
カタカナ, 8
浮気, 7
行動, 3
イエロー, 1
けっこう, 1
っこ, 4
折, 1
理想, 3
状況, 6
調べれ, 1
いちゃつく, 1
🍙, 2
茶飯, 1
事, 5
充分, 1
🙅, 1
誤解, 3
足ら, 1
猫, 7
被る, 2
異性, 1
甘え, 1
非力, 1
振る舞い, 2
和食, 2
落とす, 1
Translate, 1
余裕, 2
らし, 1
浅田, 3
アカウント, 2
ロックアウト, 1
コミュニケーション, 1
とらえどころ, 1
だね, 3
Netflix, 5
直, 1
映, 1
期間, 1
借りる, 1
観れる, 1
見つけよう, 1
トット, 1
バッグ, 1
👌, 1
屋, 7
レンタル, 2
Blu, 2
ray, 1
配信, 2
ホウネン, 2
エソ, 2
Ray, 1
digital, 1
入国, 1
許可, 3
🐟, 1
製作, 1
放送, 1
メディア, 1
今晩, 1
頼っ, 1
Stand, 2
By, 1
Me, 2
カップル, 2
だらけ, 2
主題, 1
菅田, 1
将, 1
暉, 1
虹, 1
手書き, 3
Skype, 2
🇯🇵, 2
早朝, 1
手間, 1
MacBookpro, 1
カタコト, 7
なれる, 1
MacBookPro, 1
GAIN, 1
ビジオ, 1
YlGjISSV, 1
YA, 1
現在, 2
出来る, 1
拙い, 1
倒れる, 1
ペ, 1
チャ, 1
頂け, 1
イカ, 1
脚光, 1
浴びる, 2
イントネーション, 1
話そう, 1
印刷, 1
サービス, 1
ころころ, 1
ったら, 2
断然, 4
聴こえ, 1
きよく, 1
人脈, 3
乗り気, 2
贈る, 1
郵送, 1
混ざっ, 1
積極, 4
年間, 3
通り, 4
なろう, 1
話しかけ, 2
経ち, 1
やーい, 1
相当, 2
変わり, 1
🥳🎉, 1
祝う, 2
地震, 1
会う, 5
頻繁, 4
環境, 5
色んな, 1
飲酒, 1
ヘラヘラ, 1
降る, 2
コンフリクト, 1
クタクタ, 1
よし, 1
フッ, 2
早生まれ, 1
遅い, 5
ワクチン, 2
暴風, 1
雨, 6
覗け, 1
地名, 1
植木, 3
鉢, 3
ゆか, 1
砂, 1
まみれ, 1
すえ, 5
かわいそう, 2
悪く, 1
キラキラ, 2
🙏, 1
仲, 1
付き合い, 2
枝, 1
折れ, 1
セーフ, 1
給湯, 2
くぐっ, 1
玄関, 1
洋風, 1
相性, 1
抜群, 1
すてき, 1
さる, 1
食事, 2
費用, 1
配管, 1
手巻き, 1
寿司, 1
持ち上げ, 1
😳😎, 1
️🎉, 1
パイプ, 1
凍っ, 1
🤠, 1
弾丸, 1
パーカ, 3
プロテイン, 1
🥶, 2
水抜き, 1
資格, 3
持て, 1
送れる, 1
🔥, 1
減り, 2
商品, 2
発送, 1
会員, 1
平凡, 1
わくわく, 2
SUZURI, 1
出荷, 1
楽観, 3
モデル, 3
法律, 3
´, 2
▽, 2
`, 2
かつて, 2
独立, 1
ユニーク, 1
うるさい, 3
才能, 3
島国, 2
撃つ, 1
日の目, 1
浴び, 3
再会, 1
信頼, 4
地元, 2
銃声, 1
打っ, 4
耳, 4
任せ, 1
聴覚, 2
縮小, 1
やり取り, 1
有, 3
意義, 3
回答, 2
とがめる, 1
文面, 1
貰える, 1
自身, 4
生活, 2
話せ, 4
レコード, 5
ジャケット, 4
配布, 2
解体, 1
MacBook, 1
美学, 1
Macbook, 2
Windows, 3
ハードウェア, 1
😌, 10
刀, 3
流, 3
Mac, 2
恋しい, 2
プロジェクト, 2
失う, 1
ビュンビュン, 1
⚔, 1
️😎, 1
正, 1
反対, 4
楽しかっ, 6
見返し, 1
懐かしく, 2
戸惑い, 1
おやま, 1
主情, 1
新しく, 1
自己, 2
貸し, 1
adobe, 1
XD, 1
仕方, 1
GooglePixel, 1
Adobe, 1
VisualStudioCode, 1
生きる, 4
思い出, 7
画面, 1
この頃, 1
振り返る, 1
分かれる, 2
実物, 1
こなす, 1
違, 1
感性, 2
喋ら, 1
グランド, 1
ビュッフェ, 2
味わえる, 1
オーケイ, 2
たこ焼き, 4
食料, 1
雑貨, 1
成分, 1
おにぎり, 2
ザック, 1
イサン, 2
求職, 1
おもう, 2
材料, 1
禍, 1
室, 1
ちょうど, 1
割り当て, 1
晩, 3
ウィー, 6
客, 3
合わせる, 2
多少, 1
歩い, 4
⛩。, 1
頂い, 2
報告, 1
奥, 6
流れる, 1
シュルシュル, 2
描か, 1
数値, 1
決まっ, 1
描, 2
🐱, 1
＝✏, 1
draw, 2
局, 3
美術, 3
卒業, 13
一握り, 1
間違える, 2
着物, 1
瞬間, 1
間違え, 1
テロップ, 3
フリップ, 1
不安, 2
晴れ姿, 2
アドベンチャー, 2
確信, 3
早く, 6
頑張ら, 1
😠, 1
始める, 2
浅はか, 1
怒っ, 1
帽子, 6
バカバカしい, 1
カップ, 2
行か, 2
偉い, 2
🐱🐭, 1
届く, 1
届き, 2
同僚, 6
父親, 1
上部, 1
平ら, 1
飾り, 1
ドリーム, 1
キャスト, 1
国際, 1
配送, 1
ウィンク, 6
小学, 1
ウインク, 2
🎓, 1
職場, 3
心強い, 1
アレンジ, 1
被っ, 3
届い, 2
あれー, 1
把, 1
絡げ, 1
多かっ, 1
動い, 2
協調, 1
寝っ, 1
(=_=;), 1
花束, 2
休め, 1
持ち物, 1
キザ, 2
褒美, 2
働ける, 1
近来, 1
気楽, 3
圧倒, 1
紳士, 1
あったかい, 1
夜ご飯, 2
キムチ, 2
納豆, 5
留め, 1
おき, 1
見つかる, 2
モテる, 3
塩, 4
モテモテ, 1
好き嫌い, 1
研, 1
うふふ, 1
不足, 1
あっさり, 1
色白, 1
ネバネバ, 2
糸, 1
ウェット, 1
ティッシュ, 1
録画, 2
ハスキー, 3
一意, 2
多種, 1
多様, 1
暮れ, 1
変え, 1
バツ, 2
賢明, 1
誠実, 1
フィクション, 1
実在, 1
蔓延, 1
色素, 1
慌てる, 1
広がる, 1
勧め, 1
ギャップ, 6
飲み, 7
枯れ, 1
作り手, 1
こだわり, 1
詰まっ, 1
理, 2
かなう, 1
コントラスト, 1
模様, 1
アドバイス, 2
異なる, 5
ねばねば, 1
指, 1
面, 1
アナ, 1
ベル, 1
作者, 1
込めれ, 1
真っ白, 1
垂らす, 1
滴, 1
緊張, 1
青く, 1
ことわざ, 3
他人, 5
洗い, 1
惹か, 1
アナベル, 2
同様, 4
柵, 1
向こう側, 1
草, 2
がかっ, 1
苦痛, 2
真, 2
起こる, 2
闘争, 1
おく, 3
不満, 1
衣類, 1
汚し, 1
喫茶, 1
働い, 4
寄り添っ, 2
芸能, 2
心ない, 1
苦しく, 1
パスタ, 1
はね, 1
🍝, 1
外面, 1
攻撃, 1
シネミン, 1
注目, 2
集める, 1
百, 1
褒め言葉, 1
寂しい, 3
赤い, 1
こぼし, 1
暗かっ, 1
無視, 1
視線, 1
殺し, 1
納得, 1
無敵, 1
勝っ, 1
ペニーワイズ, 1
格好, 8
単に, 2
諸説, 1
互い, 5
効果, 1
たまたま, 1
合わ, 3
🤡, 1
Shining, 1
ハラハラ, 1
ストーム, 1
トルーパー, 1
It, 1
デ, 2
シャイニング, 1
息, 1
呑む, 1
ホラー, 2
オタク, 1
シネマトグラフィー, 1
ダフト, 3
パンク, 3
パトリック, 5
ステージ, 2
一人暮らし, 1
興奮, 1
ロボット, 1
背, 1
楽器, 3
ギター, 1
コンピュータ, 1
歌おう, 1
弾ける, 1
左右, 1
じゃっ, 1
ギリギリ, 1
まあまあ, 2
完璧, 2
両手, 2
マスター, 2
ドラム, 3
ハーモニカ, 8
90, 2
MOOMIN, 1
吹ける, 1
oasis, 3
whatever, 1
激しい, 1
アコーディオン, 3
混同, 1
ケイジャン, 3
不可欠, 1
置き換える, 1
いえ, 2
Blues, 1
Travellers, 1
メロディー, 1
裏切ら, 1
歌わ, 1
オーソドックス, 2
形状, 1
blues, 1
travellers, 1
同一, 2
^^;, 2
薬, 3
形, 3
育ち, 2
なじみ, 2
そちら, 5
_(._.)_, 1
正統, 1
そそら, 1
しるし, 1
小, 3
低, 2
学年, 2
awhzclrBMc, 1
見解, 1
経つ, 1
やすく, 2
離れる, 3
拒否, 1
るね, 1
官, 1
明らか, 2
バンド, 1
紹介, 5
ぎこちなく, 3
銃口, 1
挙げる, 1
テツヤ, 3
似合っ, 2
違和, 2
熱心, 1
つか, 2
️💕, 1
仕事帰り, 2
地下, 1
鉄, 1
起動, 1
Wikipedia, 1
わり, 2
真面目, 1
笑い, 2
ロック, 5
怒ら, 3
ライオン, 1
先輩, 20
頼り, 1
新人, 1
わ〜, 1
頬, 1
染める, 1
耐え忍ぶ, 1
驚い, 1
身なり, 1
気詰まり, 1
ゆったり, 2
ムカムカ, 1
うり, 1
O, 2
末, 1
１１, 1
耐え, 1
柄, 2
革ジャン, 7
情報, 1
打ち込み, 1
終わら, 1
乗り越え, 1
例外, 1
実用, 1
実り, 1
速く, 4
立場, 1
怒鳴ら, 2
萎縮, 1
直前, 1
見学, 2
少女, 2
決まる, 1
ラッキー, 1
革, 1
最低, 1
😣😣, 1
神経, 1
質, 1
仮装, 1
似合い, 1
伸ばし, 1
作業, 2
丈夫, 1
ジャン, 3
オートバイ, 1
演劇, 1
適合, 1
褒め称える, 1
破け, 1
動揺, 3
バイク, 1
萌え, 2
無口, 1
愛想, 1
振り返っ, 2
反省, 2
by, 1
満たす, 1
ママ, 1
パパ, 1
gap, 1
between, 1
his, 2
looks, 1
personality, 1
is, 1
attractive, 1
がんばり, 1
..☺, 1
軽く, 2
アメリ, 1
River, 1
Phoenix, 1
恋, 3
洋画, 2
かなっ, 1
フィニックス, 1
リーバ, 1
驚か, 1
クリス, 1
リバー, 1
正義, 1
貫い, 1
Goonies, 1
Titanic, 3
さま, 1
開眼, 2
先駆け, 1
純粋, 3
引っ越す, 1
見守っ, 1
得る, 1
西部, 4
劇, 3
創造, 1
Chitty, 2
Bang, 2
Monty, 1
Python, 1
Holy, 1
Grail, 1
Tron, 1
Bill, 2
Ted, 2
Excellent, 2
Adventure, 2
経, 2
約, 2
ロックンロール, 1
金曜, 4
無く, 2
誤訳, 1
つもり, 1
西, 2
ツタ, 2
ヤ, 2
Perks, 2
Being, 2
a, 5
Wallflower, 2
クラシック, 1
やりとり, 1
ググっ, 4
略語, 1
character, 1
腹違い, 1
姉, 1
住み, 1
セーラー, 1
明るく, 2
UFO, 4
キャッチャー, 4
汚れ, 1
アーケード, 1
取り込ま, 1
🍬, 2
前回, 1
風景, 3
個性, 4
ポテト, 9
🍟, 1
ロッカー, 1
教室, 5
得意, 1
喜ん, 1
🗼🇯🇵, 1
️🇺🇸🗽, 1
📷, 1
淡い, 1
色合い, 1
書き留める, 1
尽くし, 1
識別, 1
マッシュ, 1
グリル, 1
サンドイッチ, 1
かなり, 1
200, 1
詐欺, 1
キャンディー, 1
苦情, 1
なし, 1
温める, 1
🇺🇸, 1
メニュー, 1
過ごし, 3
取れる, 1
取れ, 2
オレゴン, 2
キャッスル, 1
StandByMe, 1
中学, 6
祭, 1
橋, 1
白塗り, 1
顔隠し, 1
あご, 1
ホームカミング, 1
衣, 1
かこ, 7
マスコット, 2
かこい, 1
ペンキ, 1
ゾンビ, 1
チャッ, 1
キー, 1
おけ, 1
気味, 2
ひげ, 1
シャープ, 3
ペンシル, 2
グラファイト, 1
テープ, 1
取り除き, 1
一式, 1
友人, 1
防毒, 2
着用, 1
双子, 2
マッチ, 2
ハナビ, 3
出典, 1
類似, 1
性, 3
配置, 1
ふさわしい, 1
🤔🤔, 6
芯, 1
髭, 1
コーデ, 1
チョイス, 1
🤣, 1
仲良し, 1
ピクルス, 2
🍔, 1
ゴールデン, 3
ウィーク, 2
祝日, 1
続い, 1
連休, 1
時折, 1
刺激, 1
きゅうり, 1
おなか, 1
すい, 1
職業, 1
ごと, 1
実家, 3
帰省, 1
つかっ, 1
だり, 2
ポタト, 1
多幸, 1
来週, 1
始まり, 1
最終, 4
ケチャップ, 3
始まる, 1
除い, 1
ともかく, 1
到着, 1
銀行, 2
ソフトウェア, 1
餌, 3
販売, 4
移設, 1
少数, 1
バーベキュー, 3
SNS, 3
出会う, 1
増え, 5
無人, 2
引越し, 1
ピッツァ, 2
ハラピニオ, 4
牛, 1
農民, 2
牧場, 1
主, 1
ピザ, 7
会おう, 1
dating, 2
apps, 2
列島, 1
あ〜, 3
発明, 1
💡, 2
とる, 1
過ぎる, 1
漬物, 2
戸惑う, 1
毎年, 3
今一, 1
乗せる, 1
Dating, 1
Apps, 1
世代, 1
繋がっ, 1
往来, 1
広まっ, 1
失っ, 1
島, 1
海苔, 1
のせ, 1
恋愛, 4
談, 1
会っ, 5
普及, 1
率, 1
いろんな, 2
血, 1
混ざり合っ, 1
出来, 1
抱く, 1
試す, 1
絵の具, 1
懐かし, 2
ペース, 1
出会い, 3
マイナー, 1
気付か, 1
😯, 1
かえり, 2
不在, 2
申し, 1
擬人, 1
化, 2
祖母, 1
食, 1
🍕🍞, 1
発展, 1
はやっ, 1
流行, 2
Usual, 1
Suspects, 1
出会っ, 1
殺人, 1
起こし, 1
信用, 2
孤独, 3
死, 2
いこう, 1
タイタニック, 1
出来事, 1
濃密, 1
ローズ, 1
ジャック, 3
そっと, 1
欲しかっ, 2
うそ, 1
見知ら, 3
ぬ, 3
死な, 1
待つ, 2
結婚, 11
孫, 5
生き残る, 1
😤😤, 7
招き, 1
運命, 4
現れる, 2
ハーフ, 4
巡り会える, 1
戻し, 1
殺害, 1
最も, 3
立ち入り, 1
方針, 1
死ぬ, 4
賢く, 1
移る, 1
腕前, 1
どうせ, 1
灰, 1
似顔, 5
皆んな, 1
以来, 1
幽霊, 6
予測, 1
国籍, 2
使, 1
えら, 1
無い, 6
強いて, 1
ひい, 1
可愛らしい, 2
portrait, 1
likeness, 1
頼む, 1
図々しい, 1
白人, 2
美し, 1
財宝, 1
特性, 1
韓国, 5
先週, 3
だい好き, 1
相手, 4
思いやる, 1
オーバー, 1
サイズ, 2
🇰🇷, 1
個人, 1
パーカー, 2
ニット, 1
遊び, 1
交換, 2
ばかげ, 1
だぶだぶ, 1
バスケットボール, 1
パンツ, 1
見栄え, 1
インタ, 2
非難, 1
リラックス, 3
切符, 1
交わす, 1
TueJF, 1
PigBY, 1
知識, 1
スポーツ, 2
🥎🏀, 1
⚽, 1
麻雀, 4
🀄️, 1
スタバ, 7
景色, 3
アスリート, 1
日中, 1
手当り, 1
次第, 1
バートン, 1
押す, 1
🀄, 1
コーヒー, 2
🖼️, 1
飲みもの, 3
好奇, 1
鍛え, 1
flurried, 1
機械, 1
ボタン, 1
押し, 1
初心, 1
警戒, 1
物陰, 1
ピクニック, 1
ティラミス, 7
学ぼう, 1
近づき, 1
２０１８, 1
チャイ, 3
紅茶, 3
ラー, 1
テ, 1
🥤, 2
バニラ, 1
付け加え, 1
🤔🤔🤔, 3
済む, 1
ヒント, 1
判断, 2
見かけ, 1
よら, 1
生まれる, 2
バイト先, 1
珈琲, 1
見かける, 1
母国, 1
😋🍨, 1
バイト, 1
もが, 1
Dr, 3
Pepper, 2
モネ, 1
映る, 1
×, 1
Drpepper, 1
コーラ, 3
炭酸, 2
喉, 2
ビリビリ, 1
頑張ろう, 1
コーピー, 1
違反, 2
👉👈, 2
町方, 1
玄米, 17
気仙沼, 3
坂道, 1
緑茶, 2
子音, 2
重視, 2
母音, 2
周波, 2
止ま, 1
缶, 5
あつめる, 1
Arizona, 1
旨味, 2
ステキ, 1
アイヌ, 5
語源, 2
説, 3
ボトル, 2
薄緑, 1
麦茶, 1
低く, 1
国家, 1
メロディ, 1
♩, 1
理屈, 2
バスク, 7
恥ずかし, 1
郵便, 1
炊い, 3
チャーム, 2
ポイント, 3
〜〜〜！！！☺, 1
すっ, 1
く, 2
よだれ, 1
謎, 1
紛らわしく, 2
セレニチ, 11
取, 1
ケセモイ, 1
白米, 1
釜, 1
パーツ, 1
目尻, 3
切長, 2
毎食, 1
扱い, 1
詳細, 1
降っ, 1
月曜, 1
夏祭り, 4
海上, 2
づら, 3
スパイシー, 3
まつげ, 9
上向き, 2
もらえる, 1
直線, 1
タッグ, 2
ハンドバッグ, 1
QphcLKtmpak, 1
don, 1
t, 1
mean, 1
that, 1
カール, 3
すだれ, 4
下がっ, 1
タグ, 2
フゥ, 1
ほっと, 1
世論, 1
美容, 1
露, 1
洗練, 1
まつ毛, 1
真っ直ぐ, 1
伸びる, 1
プレ, 1
セント, 1
けれど, 1
女優, 1
滅多, 2
呼び, 1
駄目, 1
性別, 1
mentioned, 1
サツマ, 4
イモ, 4
ヤム, 5
町, 3
ヤムボリー, 2
祭典, 1
行進, 1
ブース, 1
女王, 4
らしく, 1
Serenity, 1
イタン, 1
イー, 1
ぇ, 1
リアクション, 1
🍠, 1
農家, 1
親しく, 1
じっと, 1
観察, 1
下向き, 1
判別, 1
直す, 1
ケヴィン, 1
推測, 1
美人, 1
コンテスト, 4
勝者, 2
パレード, 2
リード, 2
伝統, 1
不幸, 1
留学, 1
美, 1
回数, 1
box, 2
cloudy, 2
本名, 1
ドレス, 1
派手, 1
社交, 1
王族, 1
踊り, 1
んと, 1
ストレス, 1
たまる, 1
作り人, 1
名字, 1
後ろ前, 1
Nephele, 3
Box, 1
ネフェール, 1
曇り, 2
Howard, 1
Hill, 1
イディーン, 1
ハワード, 1
藤岡, 1
忍, 2
バック, 1
ニックネーム, 1
男女, 1
まぶた, 1
挟ん, 1
ハンバーグ, 2
曇っ, 1
忍者, 6
shine, 1
mint, 2
cine, 1
いただく, 1
美味しかっ, 1
ヘブル, 1
ギリシャ, 1
シネマ, 1
組み合わせ, 2
素晴らし, 1
中毒, 4
踊る, 2
陸続き, 1
竹冠, 1
部首, 2
バラバラ, 1
さっそく, 1
Mentioned, 1
in, 1
麗しい, 1
冠, 1
寸, 1
習慣, 2
口語, 2
ユー, 1
グチ, 1
ッ, 1
記憶, 3
居酒屋, 2
連れ, 1
凄く, 1
guchi, 1
年中, 1
げんき, 1
Gucci, 2
ブランド, 1
売る, 2
代, 1
同級, 2
じゃう, 1
ほどほど, 1
冷やし, 2
トマト, 7
米, 3
冷蔵, 1
庫, 1
めでたい, 1
狙う, 1
かかし, 1
酢, 3
醤油, 2
味付け, 1
つまみ, 1
正解, 1
主に, 1
女子, 4
恥ずかしい, 2
HSP, 6
当てはまる, 1
本田, 3
俗説, 2
😌🤌, 1
チップス, 2
変化, 1
サッカー, 1
圭佑, 1
選手, 6
昔話, 1
与え, 1
爪, 1
午後, 1
靴, 1
履か, 1
梅味, 2
ポテチ, 2
時計, 1
針, 1
共感, 3
後回し, 1
疲れる, 2
サイン, 1
アップ, 1
サマー, 3
ウォーズ, 3
diary, 1
波瀾, 1
万丈, 1
ｄｉａｒｙ, 1
田んぼ, 3
[, 22
扇風, 4
]., 1
タイピング, 2
キーボード, 1
セッタプ, 1
列, 1
観る, 1
田園, 1
カラス, 2
羽, 2
えんがちょ, 3
スッパ, 1
ムーチョ, 1
酸っぱい, 1
傷つく, 1
ソーイングビー, 1
ミス, 1
気づい, 1
レストラン, 3
向かい, 1
エンガチョ, 1
静粛, 1
そわそわ, 3
張り込む, 1
きっ, 1
手伝, 1
メー, 6
セージ, 6
まどろっこしい, 1
仕草, 1
嘘, 1
気付い, 1
頼め, 1
🤗, 1
させる, 1
松島, 4
初回, 1
先頃, 1
なま, 1
フィルマークス, 1
ガラガラ, 2
改めて, 1
フィル, 1
マークス, 1
出店, 2
ガラ, 2
], 21
作れ, 1
さまざま, 1
がらんどう, 1
派生, 1
思い浮かぶ, 1
うがい, 1
誘惑, 1
パパシタ, 3
内側, 1
Whiteberry, 1
太鼓, 3
達人, 2
習え, 1
images, 1
goo, 1
gl, 1
hcBqMt, 1
EpZYPSTnd, 1
是非, 1
ひとしきり, 1
引き締め, 1
テンポ, 1
銭, 1
飴, 1
ゲット, 1
両, 1
想い, 1
居, 2
叩く, 1
心地よい, 1
Papacita, 1
あら, 6
こうしょう, 2
]、, 2
交渉, 1
公証, 1
高尚, 1
校章, 1
ナドナド, 1
哄笑, 1
値, 1
過小, 1
評価, 1
スピーチ, 1
操作, 1
下手, 1
モード, 1
そっち, 1
なさ, 1
慣用, 5
句, 5
比べ, 1
思い浮かび, 1
両立, 2
提, 1
筆, 1
忘, 1
]。, 1
セミ, 1
蝉時雨, 1
マーチ, 1
言える, 1
変換, 1
季語, 2
タイミング, 3
みつける, 1
愚弟, 1
とりとめ, 1
後悔, 1
ネットフリックス, 1
かなしい, 1
おかしな, 1
ボール, 1
レイン, 1
書こう, 1
スイチューフレンズ, 1
おかしく, 1
ぶっ飛ん, 1
腰抜け, 1
宿題, 2
夏休み, 4
俳句, 3
->, 2
侮言, 1
しら, 6
短歌, 3
ぽく, 1
達観, 1
俯瞰, 1
何に, 1
1980, 1
スラング, 1
適し, 1
制限, 1
高齢, 1
微笑ましい, 1
カウボーイ, 4
４０, 1
職務, 1
明細, 1
🙇🙇, 2
程度, 1
マナー, 2
ビジネス, 1
場, 2
野球, 2
ホームランダービー, 1
同, 1
わいせつ, 1
ざる, 1
得, 1
ほか, 2
真理, 2
空気, 3
ピストル, 1
腰, 1
大谷, 6
翔平, 6
出場, 2
ナイフ, 1
ブーツ, 2
サッ, 1
チェル, 1
ショット, 2
ガン, 2
トリック, 1
履い, 1
ホット, 1
ドッグ, 1
😂🌭, 1
want, 3
●, 2
多用, 1
just, 3
minute, 3
火器, 1
。[, 3
なになに, 1
力強い, 1
当たり前, 3
少々, 3
動詞, 1
通訳, 2
クアッカワラビー, 4
東, 1
限り, 1
ワラビー, 1
週末, 1
１９, 1
たっ, 1
店員, 1
放置, 1
ごん, 1
ぎつね, 1
しっかり, 1
やましい, 1
金色, 1
シャップ, 1
cm, 1
おい, 1
アダム, 1
イヴ, 1
何語, 1
毛, 1
当たっ, 1
輝く, 1
園, 4
かわいく, 1
ピカピカ, 1
シャワー, 2
関連, 1
😄😄, 1
休息, 1
クリック, 3
サン, 2
発祥, 1
廻っ, 1
浮い, 1
🐨, 1
ペンギンズ, 1
カーキ, 1
係員, 1
ポップコーン, 2
キューティクル, 4
脂, 2
休ま, 1
会い, 3
のんびり, 1
学説, 1
利口, 1
行こう, 1
ぜ, 1
キャラメル, 1
ポップ, 1
コーン, 1
cuticle, 1
キューティ, 1
へぇ, 1
苦しめ, 1
記号, 1
cute, 1
考案, 1
あめ, 1
閃い, 1
残業, 3
かぎり, 1
ビク, 2
続く, 1
電球, 2
９, 1
起きる, 1
ピグ, 2
古典, 1
体調, 2
昼ごはん, 1
仮眠, 1
敷布, 1
団, 1
確かめる, 1
調子, 2
ピッグ, 1
🐷, 1
スポンジ, 2
ボブ, 2
うとうと, 1
車内, 1
昼寝, 1
取得, 1
ウトウト, 1
ルンルン, 1
💓, 1
訪ねる, 1
博士, 1
課程, 1
スターバ, 1
😄🌟, 1
曇, 1
オーラ, 1
🍵, 1
ペーパー, 1
ドライバー, 1
証, 2
ひどい, 1
ひどかっ, 1
立体, 1
雲, 1
ふわふわ, 2
従業, 1
員, 1
娘, 3
片思い, 1
南三陸, 1
霧, 2
忍び寄り, 1
混ん, 1
発, 1
遺伝, 2
ほしかっ, 1
付き合え, 1
磯, 1
嗅い, 2
だら, 4
定期, 1
過ごす, 1
打ち, 2
呼び覚ます, 1
危険, 1
重罪, 1
犯, 1
次回, 1
ゴム, 5
謝る, 1
💉, 1
年配, 1
優先, 1
副, 2
作用, 1
熱, 1
新品, 1
角, 1
ただいま, 1
たま, 1
乱, 1
太郎, 1
症候, 1
祖父母, 1
復し, 1
熱い, 1
タブレット, 1
ローソク, 3
ネトフリ, 1
付ける, 1
冷え, 1
ピタ, 1
貼っ, 1
アロマ, 2
キャンドル, 2
消毒, 3
通う, 1
四, 2
整っ, 1
物, 1
足り, 1
🥷, 1
鋭い, 2
分配, 1
恥ずい, 1
策, 1
すっきり, 1
接種, 1
ロウソク, 1
蝋, 1
いじる, 1
液, 1
声優, 3
豪華, 2
ワン, 1
ピース, 1
ルフィ, 1
鬼, 2
滅, 2
刃, 2
善, 1
逸, 1
人数, 1
eEteoh, 1
b, 1
feature, 1
share, 1
まとめ, 1
秒, 1
一貫, 1
眉毛, 1
八, 2
チューハイ, 2
長寿, 1
ノロノロ, 1
フラフラ, 1
座る, 1
飲ま, 1
ポート, 3
丁年, 1
サワヤカ, 1
シャキシャキ, 2
どっと, 1
%, 1
倒れ込む, 1
味わえ, 1
寂しく, 1
駆け回っ, 1
DrPepper, 1
あらゆる, 1
店や, 1
チャラクター, 1
礎石, 1
取り組ん, 1
ボーイ, 1
アドバンス, 1
進歩, 1
pepper, 1
たこ, 1
杏仁, 2
豆腐, 2
スッキリ, 1
無かっ, 1
そろばん, 1
ハマる, 1
腐, 4
Saturday, 1
am, 2
名城, 1
特異, 1
マンガ, 1
女人, 1
非, 1
オブジェクト, 1
扱わ, 2
答える, 1
進み, 1
Sunday, 1
44, 1
魑魅, 3
魍魎, 3
熟語, 1
同性, 1
嫌悪, 1
偏見, 1
持ち, 1
BL, 1
モノ, 1
創作, 1
Fan, 1
fiction, 1
進める, 1
泥, 1
呪文, 2
コミック, 1
冷やす, 1
伝奇, 1
ばつ, 1
製, 1
無礼, 1
とりあえず, 1
オピニオン, 1
✌, 1
️😌, 1
指す, 1
羅列, 1
頷く, 1
訛り, 1
書き言葉, 1
男尊, 1
女卑, 1
育児, 1
