政 ,セイ ショウ マ ,まつりごと ,"politics, government"
議 ,,,"deliberation, consultation, debate, consideration"
民 ,ミン タ ,,"people, nation, subjects"
連 ,レン -ヅ. ,つら.なる つら.ねる つ.れる ,"take along, lead, join, connect, party, gang, clique"
対 ,タイ ツイ ムカ. ,あいて こた.える そろ.い つれあ.い なら.ぶ ,"vis-a-vis, opposite, even, equal, versus, anti-, compare"
部 ,ブ - ,,"section, bureau, dept, class, copy, part, portion, counter for copies of a newspaper or magazine"
党 ,トウ ,なかま むら ,"party, faction, clique"
合 ,ゴウ ガッ カッ -ア.ワセ ,あ.う -あ.う あ.い あい- -あ.い -あい あ.わす あ.わせる ,"fit, suit, join, 0.1"
市 ,シ イ ,,"market, city, town"
内 ,ナイ ダイ ウ ,,"inside, within, between, among, house, home"
相 ,ソウ ショウ ,あい ,"inter-, mutual, together, each other, minister of state, councillor, aspect, phase, physiognomy"
定 ,テイ ジョウ サダ. ,さだ.める さだ.まる ,"determine, fix, establish, decide"
回 ,カイ エ ,まわ.る -まわ.る -まわ.り まわ.す -まわ.す まわ.し- -まわ.し もとお.る か.える ,"-times, round, game, revolve, counter for occurrences"
選 ,セン ,えら.ぶ ,"elect, select, choose, prefer"
米 ,ベイ マイ メエトル ヨ ,こめ ,"rice, USA, metre"
実 ,ジツ シツ ミチ. ,み みの.る まこと まことに みの ,"reality, truth"
関 ,カン ,せき -ぜき かか.わる からくり かんぬき ,"connection, barrier, gateway, involve, concerning"
決 ,ケツ ,き.める -ぎ.め き.まる さ.く ,"decide, fix, agree upon, appoint"
全 ,ゼン スベ. ,まった.く ,"whole, entire, all, complete, fulfill"
表 ,ヒョウ ,おもて -おもて あらわ.す あらわ.れる あら.わす ,"surface, table, chart, diagram"
戦 ,セン ワナナ. ,いくさ たたか.う おのの.く そよぐ ,"war, battle, match"
経 ,ケイ キョウ ノ ,へ.る た.つ たていと はか.る ,"sutra, longitude, pass thru, expire, warp"
最 ,サイ シュ ツ ,もっと.も ,"utmost, most, extreme"
現 ,ゲン アラワ. ,あらわ.れる ,"present, existing, actual"
調 ,チョウ トトノ.エ ,しら.べる しら.べ ととの.う ,"tune, tone, meter, key (music), writing style, prepare, exorcise, investigate"
化 ,カ ケ ,ば.ける ば.かす ふ.ける け.する ,"change, take the form of, influence, enchant, delude, -ization"
当 ,トウ マサ.ニベ ,あ.たる あ.たり あ.てる あ.て まさ.に ,"hit, right, appropriate, himself"
約 ,ヤク ,,"promise, approximately, shrink"
首 ,シュ ク ,,neck
法 ,ホウ ハッ ホッ フラン ノ ,,"method, law, rule, principle, model, system"
性 ,セイ ショウ ,さが ,"sex, gender, nature"
要 ,ヨウ イ. ,,"need, main point, essence, pivot, key to"
制 ,セイ ,,"system, law, rule"
治 ,ジ チ ナオ. ,おさ.める おさ.まる なお.る ,"reign, be at peace, calm down, subdue, quell, govt, cure, heal, rule, conserve"
務 ,ム ツト.メ ,,"task, duties"
成 ,セイ ジョウ -ナ. ,な.る な.す ,"turn into, become, get, grow, elapse, reach"
期 ,キ ゴ ,,"period, time, date, term"
協 ,キョウ ,,"co-, cooperation"
取 ,シュ -ド. ,と.る と.り と.り- とり ,"take, fetch, take up"
都 ,ト ツ ミヤ ,,"metropolis, capital"
和 ,ワ オ カ ナゴ.ヤ ,やわ.らぐ やわ.らげる なご.む ,"harmony, Japanese style, peace, soften, Japan"
機 ,キ ,はた ,"mechanism, opportunity, occasion, machine, airplane"
平 ,ヘイ ビョウ ヒョウ ,たい.ら -だいら ひら ひら ,"even, flat, peace"
総 ,ソウ フ ,す.べて すべ.て ,"general, whole, all, full, total"
加 ,カ ,くわ.える くわ.わる ,"add, addition, increase, join, include, Canada"
受 ,ジュ ウ.カ ,う.ける -う.け ,"accept, undergo, answer (phone), take, get, catch, receive"
区 ,ク オウ コウ ,,"ward, district"
領 ,リョウ ,,"jurisdiction, dominion, territory, fief, reign"
県 ,ケン カ.ケ ,,prefecture
続 ,ゾク ショク コウ キョウ ツグ.ナ ,つづ.く つづ.ける ,"continue, series, sequel"
進 ,シン スス.メ ,すす.む ,"advance, proceed, progress, promote"
設 ,セツ モウ.ケ ,,"establishment, provision, prepare"
改 ,カイ ,あらた.める あらた.まる ,"reformation, change, modify, mend, renew, examine, inspect, search"
数 ,スウ ス サク ソク シュ ワズラワ.シ ,かず かぞ.える しばしば せ.める ,"number, strength, fate, law, figures"
記 ,キ シル. ,,"scribe, account, narrative"
初 ,ショ -ゾ. ,はじ.め はじ.めて はつ はつ- うい- -そ.める ,"first time, beginning"
指 ,シ -サ. ,ゆび さ.す ,"finger, point to, indicate, put into, play (chess), measure (ruler)"
権 ,ケン ゴン ,おもり かり はか.る ,"authority, power, rights"
支 ,,しんよう じゅうまた ,"branch, support, sustain"
産 ,サン ム. ,う.む う.まれる うぶ- ,"products, bear, give birth, yield, childbirth, native, property"
点 ,テン ,つ.ける つ.く た.てる さ.す とぼ.す とも.す ぼち ,"spot, point, mark, speck, decimal point"
報 ,ホウ ,むく.いる ,"report, news, reward, retribution"
済 ,サイ セイ ワタ. ,す.む -ず.み -ずみ す.まない す.ます -す.ます すく.う な.す わたし ,"finish, come to an end, excusable, need not"
府 ,,,"borough, urban prefecture, govt office, representative body, storehouse"
活 ,カツ ,い.きる い.かす い.ける ,"lively, resuscitation, being helped, living"
原 ,ゲン ハ ,,"meadow, original, primitive, field, plain, prairie, tundra, wilderness"
共 ,キョウ ,とも とも.に -ども ,"together, both, neither, all, and, alike, with"
得 ,トク ウ. ,え.る ,"gain, get, find, earn, acquire, can, may, able to, profit, advantage, benefit"
解 ,カイ ゲ サト. ,と.く と.かす と.ける ほど.く ほど.ける わか.る ,"unravel, notes, key, explanation, understanding, untie, undo, solve, answer, cancel, absolve, explain, minute"
交 ,コウ コモゴ ,まじ.わる まじ.える ま.じる まじ.る ま.ざる ま.ぜる -か.う か.わす かわ.す ,"mingle, mixing, association, coming & going"
資 ,,,"assets, resources, capital, funds, data, be conducive to, contribute to"
予 ,ヨ シャ ,あらかじ.め ,"beforehand, previous, myself, I"
向 ,コウ ムカ. ,む.く む.い -む.き む.ける -む.け む.かう む.かい む.こう む.こう- むこ ,"yonder, facing, beyond, confront, defy, tend toward, approach"
際 ,サイ -ギ ,きわ ,"occasion, side, edge, verge, dangerous, adventurous, indecent, time, when"
査 ,サ ,,investigate
勝 ,ショウ カ ,か.つ -が.ち まさ.る すぐ.れる ,"victory, win, prevail, excel"
面 ,メン ベン ツ ,おも おもて ,"mask, face, features, surface"
委 ,イ ユダ.ネ ,,"committee, entrust to, leave to, devote, discard"
告 ,コク ツ.ゲ ,,"revelation, tell, inform, announce"
軍 ,グン ,,"army, force, troops, war, battle"
反 ,ハン ホン タン ホ -カエ. ,そ.る そ.らす かえ.す かえ.る ,anti-
判 ,ハン バン ,わか.る ,"judgement, signature, stamp, seal"
認 ,ニン ,みと.める したた.める ,"acknowledge, witness, discern, recognize, appreciate, believe"
参 ,サン シン ミ ,まい.る まい- まじわる ,"nonplussed, three, going, coming, visiting, visit, be defeated, die, be madly in love"
利 ,リ キ. ,,"profit, advantage, benefit"
組 ,ソ ,く.む くみ -ぐみ ,"association, braid, plait, construct, assemble, unite, cooperate, grapple"
信 ,シ ,,"faith, truth, fidelity, trust"
在 ,ザイ ア. ,,"exist, outskirts, suburbs, located in"
件 ,ケン ,くだん ,"affair, case, matter, item"
団 ,ダン トン ,かたまり まる.い ,"group, association"
側 ,ソク ,かわ がわ そば ,"side, lean, oppose, regret"
任 ,ニン マカ. ,まか.せる ,"responsibility, duty, term, entrust to, appoint"
引 ,イン ヒ.ケ ,ひ.く ひ.き ひ.き- -び.き ,"pull, tug, jerk, admit, install, quote, refer to"
求 ,キュウ グ ,もと.める ,"request, want, wish for, require, demand"
所 ,ショ ト ,ところ -ところ どころ ,place
次 ,ジ シ ツ ,つ.ぐ ,"next, order, sequence"
昨 ,サク ,,"yesterday, previous"
論 ,ロン ,,"argument, discourse"
官 ,カン ,,"bureaucrat, the government"
増 ,ゾウ フ.ヤ ,ま.す ま.し ふ.える ,"increase, add, augment, gain, promote"
係 ,ケイ ,かか.る かかり -がかり かか.わる ,"person in charge, connection, duty, concern oneself"
感 ,カン ,,"emotion, feeling, sensation"
情 ,ジョウ セイ ,なさ.け ,"feelings, emotion, passion, sympathy, circumstances, facts"
投 ,トウ ,な.げる -な.げ ,"throw, discard, abandon, launch into, join, invest in, hurl, give up, sell at a loss"
示 ,ジ シ ,しめ.す ,"show, indicate, point out, express, display"
変 ,ヘン ,か.わる か.わり か.える ,"unusual, change, strange"
打 ,ダ ダアス ブ. ,う.つ う.ち- ,"strike, hit, knock, pound, dozen"
各 ,カク オノオ ,,"each, every, either"
島 ,トウ ,しま ,island
直 ,チョク ジキ ジカ ス. ,ただ.ちに なお.す -なお.す なお.る なお.き ,"straightaway, honesty, frankness, fix, repair"
両 ,リョウ フタ ,てる ,"both, old Japanese coin, counter for vehicles, two"
革 ,カク ,かわ ,"leather, become serious, skin, hide, pelt"
式 ,シ ,,"style, ceremony, rite, function, method, system, form, expression"
確 ,カク コウ ,たし.か たし.かめる ,"assurance, firm, tight, hard, solid, confirm, clear, evident"
村 ,ソン ム ,,"town, village"
果 ,カ ハ. ,は.たす はた.す -は.たす は.てる -は.てる ,"fruit, reward, carry out, achieve, complete, end, finish, succeed"
勢 ,セイ ゼイ ハズ ,いきお.い ,"forces, energy, military strength"
減 ,ゲン ,へ.る へ.らす ,"dwindle, decrease, reduce, decline, curtail, get hungry"
容 ,ヨウ イ.レ ,,"contain, form, looks"
必 ,ヒツ ,かなら.ず ,"invariably, certain, inevitable"
演 ,エン ,,"performance, act, play, render, stage"
歳 ,サイ セイ ,とし とせ よわい ,"year-end, age, occasion, opportunity"
争 ,ソウ ,あらそ.う いか.でか ,"contend, dispute, argue"
談 ,ダン ,,"discuss, talk"
能 ,ノウ ヨ. ,,"ability, talent, skill, capacity"
再 ,サイ サ フタタ. ,,"again, twice, second time"
位 ,イ グラ ,くらい ,"rank, grade, throne, crown, about, some"
置 ,チ -オ. ,お.く ,"placement, put, set, deposit, leave behind, keep, employ, pawn"
流 ,リュウ ル -ナガ. ,なが.れる なが.れ なが.す ,"current, a sink, flow, forfeit"
格 ,カク コウ キャク ゴ ,,"status, rank, capacity, character, case (law, grammar)"
疑 ,ギ ,うたが.う ,"doubt, distrust, be suspicious, question"
過 ,カ ,す.ぎる -す.ぎる -す.ぎ す.ごす あやま.つ あやま.ち ,"overdo, exceed, go beyond, error"
局 ,キョク ,つぼね ,"bureau, board, office, affair, conclusion, court lady, lady-in-waiting, her apartment"
放 ,ホウ ホウ. ,はな.す -っぱな.し はな.つ はな.れる こ.く ,"set free, release, fire, shoot, emit, banish, liberate"
税 ,ゼ ,,"tax, duty"
常 ,ジョウ ,つね とこ ,"usual, ordinary, normal, regular"
状 ,ジョウ ,,"status quo, conditions, circumstances, form, appearance"
球 ,キュウ タ ,,"ball, sphere"
営 ,エイ ,いとな.む いとな.み ,"occupation, camp, perform, build, conduct (business)"
職 ,ショク ソ ,,"post, employment, work"
与 ,ヨ トモ ,あた.える あずか.る くみ.する ,"bestow, participate in, give, award, impart, provide, cause, gift, godsend"
供 ,キョウ ク クウ グ ,そな.える とも -ども ,"submit, offer, present, serve (meal), accompany"
役 ,ヤク エ ,,"duty, war, campaign, drafted labor, office, service, role"
構 ,コウ カマ. ,かま.える ,"posture, build, pretend"
割 ,カツ ,わ.る わり わ.り わ.れる さ.く ,"proportion, comparatively, divide, cut, separate, split"
費 ,ヒ ,つい.やす つい.える ,"expense, cost, spend, consume, waste"
付 ,フ -ヅ ,つ.ける -つ.ける -づ.ける つ.け つ.け- -つ.け -づ.け -づけ つ.く -づ.く つ.き -つ.き -つ ,"adhere, attach, refer to, append"
由 ,ユ ユウ ユイ ,よし よ.る ,"wherefore, a reason"
説 ,セツ ゼイ ト. ,,"rumor, opinion, theory"
比 ,ヒ クラ.ベ ,,"compare, race, ratio, Philipines"
難 ,ナン -ニク. ,かた.い -がた.い むずか.しい むづか.しい むつか.しい ,"difficult, impossible, trouble, accident, defect"
防 ,ボウ フセ. ,,"ward off, defend, protect, resist"
補 ,ホ ,おぎな.う ,"supplement, supply, make good, offset, compensate, assistant, learner"
優 ,ユウ ウ マサ. ,やさ.しい すぐ.れる ,"tenderness, excel, surpass, actor, superiority, gentleness"
夫 ,フ フウ ブ ソ. ,おっと ,"husband, man"
収 ,シュウ オサ.マ ,おさ.める ,"income, obtain, reap, pay, supply, store"
断 ,ダン ,た.つ ことわ.る さだ.める ,"severance, decline, refuse, apologize, warn, dismiss, prohibit, decision, judgement, cutting"
石 ,セキ シャク コク イ ,,stone
違 ,イ ,ちが.う ちが.い ちが.える -ちが.える たが.う たが.える ,"difference, differ"
消 ,ショウ ,き.える け.す ,"extinguish, blow out, turn off, neutralize, cancel"
境 ,キョウ ケイ サカ ,,"boundary, border, region"
神 ,シン ジン ,かみ かん- こう ,"gods, mind, soul"
番 ,バン ツガ. ,,"turn, number in a series"
規 ,,,"standard, measure"
術 ,ジュツ ,すべ ,"art, technique, skill, means, trick, resources, magic"
導 ,ドウ ミチビ. ,,"guidance, leading, conduct, usher"
備 ,ビ ツブサ. ,そな.える そな.わる ,"equip, provision, preparation"
宅 ,タ ,,"home, house, residence, our house, my husband"
害 ,ガイ ,,"harm, injury"
配 ,ハイ ,くば.る ,"distribute, spouse, exile, rationing"
副 ,フ ,,"vice-, duplicate, copy"
算 ,サン ,そろ ,"calculate, divining, number, abacus, probability"
警 ,ケイ ,いまし.める ,"admonish, commandment"
育 ,イク ハグク. ,そだ.つ そだ.ち そだ.てる ,"bring up, grow up, raise, rear"
席 ,セキ ,むしろ ,"seat, mat, occasion, place"
輸 ,ユ シュ ,,"transport, send, be inferior"
訪 ,ホウ ト. ,おとず.れる たず.ねる ,"call on, visit, look up, offer sympathy"
乗 ,ジョウ ショウ ノ.セ ,の.る -の.り ,"ride, power, multiplication, record, counter for vehicles, board, mount, join"
述 ,ジュツ ,の.べる ,"mention, state, speak, relate"
残 ,ザン サン ,のこ.る のこ.す そこな.う のこ.り ,"remainder, leftover, balance"
想 ,ソウ ソ ,おも.う ,"concept, think, idea, thought"
線 ,セン ,すじ ,"line, track"
農 ,ノ ,,"agriculture, farmers"
州 ,シュウ ス ,,"state, province"
武 ,ブ ム タケ. ,,"warrior, military, chivalry, arms"
声 ,セイ ショウ ,こえ こわ- ,voice
念 ,ネン ,,"wish, sense, idea, thought, feeling, desire, attention"
象 ,ショウ ゾウ カタド. ,,"elephant, pattern after, imitate, image, shape, sign (of the times)"
域 ,イキ ,,"range, region, limits, stage, level"
助 ,ジョ ,たす.ける たす.かる す.ける すけ ,"help, rescue, assist"
労 ,ロウ ,ろう.する いたわ.る いた.ずき ねぎら つか.れる ねぎら.う ,"labor, thank for, reward for, toil, trouble"
例 ,レイ ,たと.える ,"example, custom, usage, precedent"
然 ,ゼン ネン ,しか しか.り しか.し さ ,"sort of thing, so, if so, in that case, well"
限 ,ゲン ,かぎ.る かぎ.り -かぎ.り ,"limit, restrict, to best of ability"
額 ,ガク ヒタ ,,"forehead, tablet, plaque, framed picture, sum, amount, volume"
追 ,ツイ オ. ,,"chase, drive away, follow, pursue, meanwhile"
商 ,ショウ アキナ. ,,"make a deal, selling, dealing in, merchant"
葉 ,ヨウ ,,"leaf, plane, lobe, needle, blade, spear, counter for flat things, fragment, piece"
伝 ,デン テン ツ ,つた.わる つた.える つた.う つだ.う -づた.い ,"transmit, go along, walk along, follow, report, communicate, legend, tradition"
働 ,ドウ リュク リキ ロク リョク ,はたら.く ,"work, (kokuji)"
形 ,ケイ ギョウ ナ ,かた -がた かたち ,"shape, form, style"
景 ,ケ ,,"scenery, view"
落 ,ラク オ.ト ,お.ちる お.ち ,"fall, drop, come down"
欧 ,オウ ハ. ,うた.う ,Europe
担 ,タン ,かつ.ぐ にな.う ,"shouldering, carry, raise, bear"
好 ,コウ イ. ,この.む す.く よ.い ,"fond, pleasing, like something"
退 ,タイ ,しりぞ.く しりぞ.ける ひ.く の.く の.ける ど.く ,"retreat, withdraw, retire, resign, repel, expel, reject"
準 ,ジュン ,じゅん.じる じゅん.ずる なぞら.える のり ひと.しい みずもり ,"semi-, correspond to, proportionate to, conform, imitate"
賞 ,ショウ ,ほ.める ,"prize, reward, praise"
辺 ,ヘン - ,あた.り ほと.り ,"environs, boundary, border, vicinity"
造 ,ゾウ -ヅク. ,つく.る つく.り ,"create, make, structure, physique"
被 ,ヒ カブ.セ ,こうむ.る おお.う かぶ.る ,"incur, cover, veil, brood over, shelter, wear, put on, be exposed (film), receiving"
頭 ,トウ ズ ト カブ ,あたま かしら -がしら ,"head, counter for large animals"
技 ,ギ ,わざ ,"skill, art, craft, ability, feat, performance, vocation, arts"
低 ,テイ ,ひく.い ひく.める ひく.まる ,"lower, short, humble"
復 ,フク ,また ,"restore, return to, revert, resume"
負 ,フ ,ま.ける ま.かす お.う ,"defeat, negative, -, minus, bear, owe, assume a responsibility"
渡 ,ト ワタ. ,わた.る -わた.る ,"transit, ford, ferry, cross, import, deliver, diameter, migrate"
失 ,シツ ,うしな.う う.せる ,"lose, error, fault, disadvantage, loss"
移 ,イ ,うつ.る うつ.す ,"shift, move, change, drift, catch (cold, fire), pass into"
差 ,サ ,さ.す さ.し ,"distinction, difference, variation, discrepancy, margin, balance"
個 ,コ カ ,,"individual, counter for articles and military units"
門 ,モン ,かど ,gates
課 ,カ ,,"chapter, lesson, section, department, division, counter for chapters (of a book)"
末 ,マツ バツ ,すえ ,"end, close, tip, powder, posterity"
守 ,シュ ス カ ,まも.る まも.り もり -もり ,"guard, protect, defend, obey"
若 ,ジャク ニャク ニャ モ.シク ,わか.い わか- も.しくわ も.し ,"young, if, perhaps, possibly, low number, immature"
脳 ,ノウ ドウ ,のうずる ,"brain, memory"
極 ,キョク ゴク ,きわ.める きわ.まる きわ.まり きわ.み き.める -ぎ.め き.まる ,"poles, settlement, conclusion, end, highest rank, electric poles, very, extremely, most, highly, 10**48"
種 ,シュ -グ ,たね ,"species, kind, class, variety, seed"
美 ,ビ ミ ウツク.シ ,,"beauty, beautiful"
命 ,メイ ミョウ ,いのち ,"fate, command, decree, destiny, life, appoint"
含 ,ガン ,ふく.む ふく.める ,"include, bear in mind, understand, cherish"
福 ,フ ,,"blessing, fortune, luck, wealth"
蔵 ,ゾウ ソウ カク.レ ,くら おさ.める ,"storehouse, hide, own, have, possess"
量 ,リョウ ハカ. ,,"quantity, measure, weight, amount, consider, estimate, surmise"
望 ,ボウ モウ モ ,のぞ.む ,"ambition, full moon, hope, desire, aspire to, expect"
非 ,ヒ ,あら.ず ,"un-, mistake, negative, injustice, non-"
観 ,カン ,み.る しめ.す ,"outlook, look, appearance, condition, view"
察 ,サツ ,,"guess, presume, surmise, judge, understand"
段 ,ダン タン ,,"grade, steps, stairs"
横 ,オウ ,よこ ,"sideways, side, horizontal, width, woof"
型 ,ケイ ,かた -がた ,"mould, type, model"
深 ,シン ,ふか.い -ぶか.い ふか.まる ふか.める み- ,"deep, heighten, intensify, strengthen"
況 ,キョウ ,まし.て いわ.んや おもむき ,"condition, situation"
申 ,シン ,もう.す もう.し- さる ,"have the honor to, sign of the monkey, 3-5PM, ninth sign of Chinese zodiac"
様 ,ヨウ ショウ ,さま さん ,"Esq., way, manner, situation, polite suffix"
財 ,ザイ サイ ゾ ,,"property, money, wealth, assets"
港 ,コウ ,みなと ,harbor
識 ,シ ,,"discriminating, know, write"
呼 ,コ ヨ. ,,"call, call out to, invite"
達 ,タツ ダ -タ ,,"accomplished, reach, arrive, attain"
良 ,リョウ -イ. ,よ.い -よ.い い.い ,"good, pleasing, skilled"
針 ,シン ハ ,,"needle, pin, staple, stinger"
専 ,セン ,もっぱ.ら ,"specialty, exclusive, mainly, solely"
谷 ,コク キワ.マ ,たに ,valley
候 ,コウ ,そうろう ,"climate, season, weather"
史 ,,,"history, chronicle"
階 ,カイ キザハ ,,"storey, stair, counter for storeys of a building"
程 ,テイ -ホ ,ほど ,"extent, degree, law, formula, distance, limits, amount"
満 ,マン バン ミ.タ ,み.ちる み.つ ,"full, enough, pride, satisfy"
敗 ,ハイ ,やぶ.れる ,"failure, defeat, reversal"
管 ,カン ク ,,"pipe, tube, wind instrument, drunken talk"
値 ,チ アタ ,ね ,"price, cost, value"
突 ,トツ カ ,つ.く ,"stab, protruding, thrusting, thrust, pierce, prick"
兵 ,ヘイ ヒョウ ツワモ ,,"soldier, private, troops, army, warfare, strategy, tactics"
接 ,セツ ショウ ,つ.ぐ ,"touch, contact, adjoin, piece together"
光 ,コウ ヒカ ,ひか.る ,"ray, light"
路 ,ロ ル ,-じ みち ,"path, route, road, distance"
科 ,,,"department, course, section"
細 ,サイ ,ほそ.い ほそ.る こま.か こま.かい ,"dainty, get thin, taper, slender, narrow"
効 ,コウ ,き.く ききめ なら.う ,"merit, efficacy, efficiency, benefit"
積 ,セキ ツ.モ ,つ.む -づ.み つ.もる ,"volume, product (x*y), acreage, contents, pile up, stack, load, amass"
丸 ,ガン マル. ,まる まる.める ,"round, full, month, perfection, -ship, pills, make round, roll up, curl up, seduce, explain away"
他 ,タ ,ほか ,"other, another, the others"
湾 ,ワン ,いりえ ,"gulf, bay, inlet"
録 ,ロク ,,record
処 ,ショ ,ところ -こ お.る ,"dispose, manage, deal with, sentence, condemn, act, behave, place"
省 ,セイ ショウ ハブ. ,かえり.みる ,"focus, government ministry, conserve"
旧 ,キュウ ,ふる.い もと ,"old times, old things, old friend, former, ex-"
太 ,タイ タ フト. ,ふと.い ,"plump, thick, big around"
橋 ,キョウ ハ ,,bridge
岸 ,ガン キ ,,beach
客 ,キャク カク ,,"guest, visitor, customer, client"
否 ,ヒ ,いな いや ,"negate, no, noes, refuse, decline, deny"
周 ,シュウ マワ. ,,"circumference, circuit, lap"
師 ,,,"expert, teacher, master, army, war"
材 ,ザ ,,"lumber, log, timber, wood, talent"
登 ,トウ ト ドウ ショウ チョウ ア.ガ ,のぼ.る ,"ascend, climb up"
易 ,エキ イ ,やさ.しい やす.い ,"easy, ready to, simple, fortune-telling, divination"
戸 ,コ ,,door
速 ,ソク スミ.ヤ ,はや.い はや- はや.める ,"quick, fast"
存 ,ソン ゾ ,,"suppose, be aware of, believe, feel"
飛 ,ヒ -ト.バ ,と.ぶ と.ばす ,"fly, skip (pages), scatter"
殺 ,サツ サイ セツ ,ころ.す -ごろ.し そ.ぐ ,"kill, murder, butcher, slice off, split, diminish, reduce, spoil"
央 ,オ ,,"center, middle"
券 ,ケン ,,ticket
号 ,ゴウ ,さけ.ぶ よびな ,"nickname, number, item, title, pseudonym, name, call"
単 ,タン ,ひとえ ,"simple, one, single, merely"
座 ,ザ ,すわ.る ,"squat, seat, cushion, gathering, sit"
破 ,ハ ヤブ.レ ,やぶ.る ,"rend, rip, tear, break, destroy, defeat, frustrate"
編 ,ヘン ,あ.む -あ.み ,"compilation, knit, plait, braid, twist, editing, completed poem, part of a book"
捜 ,ソウ シュ シュウ ,さが.す ,"search, look for, locate"
竹 ,チク タ ,,bamboo
除 ,ジョ ジ ,のぞ.く -よ.け ,"exclude, division (x, 3), remove, abolish, cancel, except"
完 ,カン ,,"perfect, completion, end"
降 ,コウ ゴ クダ. ,お.りる お.ろす ふ.る ふ.り くだ.る ,"descend, precipitate, fall, surrender"
超 ,チョウ コ. ,こ.える ,"transcend, super-, ultra-"
責 ,セキ ,せ.める ,"blame, condemn, censure"
並 ,ヘイ ホウ ナラ.ビ ,な.み なら.べる なら.ぶ ,"row, and, besides, as well as, line up, rank with, rival, equal"
療 ,リョウ ,,"heal, cure"
捕 ,ホ ,と.らえる と.らわれる と.る とら.える とら.われる つか.まえる つか.まる ,"catch, capture"
危 ,キ ,あぶ.ない あや.うい あや.ぶむ ,"dangerous, fear, uneasy"
採 ,サイ ,と.る ,"pick, take, fetch, take up"
森 ,シン モ ,,"forest, woods"
競 ,キョウ ケイ セ. ,きそ.う ,"emulate, compete with, bid, sell at auction, bout, contest, race"
給 ,キュウ -タマ. ,たま.う たも.う ,"salary, wage, gift, allow, grant, bestow on"
介 ,カ ,,"jammed in, shellfish, mediate, concern oneself with"
根 ,コン ,ね -ね ,"root, radical, head (pimple)"
苦 ,ク ,くる.しい -ぐる.しい くる.しむ くる.しめる にが.い にが.る ,"suffering, trial, worry, hardship, feel bitter, scowl"
迎 ,ゲイ ムカ.エ ,,"welcome, meet, greet"
販 ,ハン ,,"marketing, sell, trade"
園 ,エン ソ ,,"park, garden, yard, farm"
具 ,グ ツブサ. ,そな.える ,"tool, utensil, means, possess, ingredients, counter for armor, suits, sets of furniture"
歴 ,レキ レッキ ,,"curriculum, continuation, passage of time"
辞 ,ジ ,や.める いな.む ,"resign, word, term, expression"
将 ,ショウ ソウ モッ ,まさ.に はた まさ ひきい.る ,"leader, commander, general, admiral, or, and again, soon, from now on, just about"
因 ,イン チナ. ,よ.る ,"cause, factor, be associated with, depend on, be limited to"
馬 ,バ ,うま うま- ,horse
愛 ,アイ イト.シ ,,"love, affection, favourite"
幅 ,フク ,はば ,"hanging scroll, width"
富 ,フ フウ ト ,と.む ,"wealth, enrich, abundant"
彼 ,ヒ カ. ,かれ かの ,"he, that, the"
般 ,ハン ,,"carrier, carry, all"
未 ,ミ ビ ,いま.だ ま.だ ひつじ ,"un-, not yet, hitherto, still, even now, sign of the ram, 1-3PM, eighth sign of Chinese zodiac"
貿 ,ボウ ,,"trade, exchange"
講 ,コウ ,,"lecture, club, association"
舞 ,ブ ,ま.う -ま.う まい ,"dance, flit, circle, wheel"
林 ,リン ハヤ ,,"grove, forest"
装 ,ソウ ショウ ,よそお.う よそお.い ,"attire, dress, pretend, disguise, profess"
諸 ,ショ ,もろ ,"various, many, several, together"
亡 ,ボウ モウ ,な.い な.き- ほろ.びる ほろ.ぶ ほろ.ぼす ,"deceased, the late, dying, perish"
劇 ,ゲキ ,,"drama, play"
河 ,カ カ ,,river
航 ,コ ,,"navigate, sail, cruise, fly"
冷 ,レイ ,つめ.たい ひ.える ひ.や ひ.ややか ひ.やす ひ.やかす さ.める さ.ます ,"cool, cold (beer, person), chill"
適 ,テキ ,かな.う ,"suitable, occasional, rare, qualified, capable"
婦 ,,,"lady, woman, wife, bride"
鉄 ,テツ クロガ ,,iron
寄 ,キ ヨ.セ ,よ.る -よ.り ,"draw near, stop in, bring near, gather, collect, send, forward"
込 ,コ.メ ,-こ.む こ.む こ.み -こ.み ,"crowded, mixture, in bulk, included, (kokuji)"
顔 ,ガン ,かお ,"face, expression"
類 ,ルイ ,たぐ.い ,"sort, kind, variety, class, genus"
児 ,ジ ニ ゲイ -ッ ,こ -こ ,"newborn babe, child, young of animals"
余 ,ヨ アマ. ,あま.る あま.り ,"too much, myself, surplus, other, remainder"
禁 ,キン ,,"prohibition, ban, forbid"
印 ,イン ,しるし -じるし しる.す ,"stamp, seal, mark, imprint, symbol, emblem, trademark, evidence, souvenir, India"
逆 ,ギャク ゲキ ,さか さか.さ さか.らう ,"inverted, reverse, opposite, wicked"
王 ,オウ -ノ ,,"king, rule, magnate"
返 ,ヘン ,かえ.す -かえ.す かえ.る -かえ.る ,"return, answer, fade, repay"
換 ,カン ,か.える -か.える か.わる ,"interchange, period, charge, change?"
久 ,キュウ ク ヒサ.シ ,,"long time, old story"
短 ,タン ,みじか.い ,"short, brevity, fault, defect, weak point"
油 ,ユ ユウ ,あぶら ,"oil, fat"
妻 ,サイ ツ ,,"wife, spouse"
暴 ,ボウ バク ,あば.く あば.れる ,"outburst, rave, fret, force, violence, cruelty, outrage"
輪 ,リン ,,"wheel, ring, circle, link, loop, counter for wheels and flowers"
占 ,セン ウラナ. ,し.める ,"fortune-telling, divining, forecasting, occupy, hold, have, get, take"
背 ,ハイ ,せ せい そむ.く そむ.ける ,"stature, height, back, behind, disobey, defy, go back on, rebel"
植 ,ショク ウ.ワ ,う.える ,plant
熱 ,ネツ アツ. ,,"heat, temperature, fever, mania, passion"
宿 ,シュク ヤド. ,やど やど.る ,"inn, lodging, relay station, dwell, lodge, be pregnant, home, dwelling"
薬 ,ヤク クス ,,"medicine, chemical, enamel, gunpowder, benefit"
清 ,セイ ショウ シン キヨ.メ ,きよ.い きよ.まる ,"pure, purify, cleanse, exorcise, Manchu dynasty"
険 ,ケン ,けわ.しい ,"precipitous, inaccessible place, impregnable position, steep place, sharp eyes"
頼 ,ライ タヨ. ,たの.む たの.もしい ,"trust, request"
覚 ,カク ,おぼ.える さ.ます さ.める さと.る ,"memorize, learn, remember, awake, sober up"
船 ,セン ,ふね ふな ,"ship, boat"
倍 ,バ ,,"double, twice, times, fold"
均 ,キン ナラ. ,,"level, average"
億 ,オ ,,"hundred million, 10**8"
途 ,,,"route, way, road"
圧 ,アツ エン オウ ,お.す へ.す おさ.える お.さえる ,"pressure, push, overwhelm, oppress, dominate"
芸 ,ゲイ ウン ワ ,う.える のり ,"technique, art, craft, performance, acting, trick, stunt"
許 ,キョ ,ゆる.す もと ,"permit, approve"
署 ,ショ ,,"signature, govt office, police station"
抜 ,バツ ハツ ハイ ヌ.カ ,ぬ.く -ぬ.く ぬ.き ぬ.ける ぬ.かす ,"slip out, extract, pull out, pilfer, quote, remove, omit"
便 ,ベン ビン ,たよ.り ,convenience
伸 ,シン ノ. ,の.びる の.ばす の.べる ,"expand, stretch, extend, lengthen, increase"
留 ,リュウ ル ルウブ ,と.める と.まる とど.める とど.まる ,"detain, fasten, halt, stop"
罪 ,ザイ ,つみ ,"guilt, sin, crime, fault, blame, offense"
停 ,テイ ,と.める と.まる ,"halt, stopping"
爆 ,バク ,は.ぜる ,"bomb, burst open, pop, split"
陸 ,リク ロク オ ,,"land, six"
玉 ,ギョク -ダ ,たま たま- ,"jewel, ball"
波 ,ハ ナ ,,"waves, billows, Poland"
帯 ,タイ オ ,お.びる ,"sash, belt, obi, zone, region"
延 ,エン ノ.バ ,の.びる の.べる の.べ ,"prolong, stretching"
羽 ,ウ ハ ,は わ ,"feathers, counter for birds, rabbits"
努 ,ド ,つと.める ,"toil, diligent, as much as possible"
固 ,コ ,かた.める かた.まる かた.まり かた.い ,"harden, set, clot, curdle"
精 ,セイ ショウ シヤ ,,"refined, ghost, fairy, energy, vitality, semen, excellence, purity, skill"
則 ,ソク ノット. ,,"rule, follow, based on, model after"
乱 ,ラン ロン ワタ. ,みだ.れる みだ.る みだ.す みだ おさ.める ,"riot, war, disorder, disturb"
普 ,フ アマネ ,あまね.く ,"universal, wide(ly), generally, Prussia"
散 ,サン バ ,ち.る ち.らす -ち.らす ち.らかす ち.らかる ,"scatter, disperse, spend, squander"
測 ,ソク ,はか.る ,"fathom, plan, scheme, measure"
豊 ,ホウ ブ ト ,ゆた.か ,"bountiful, excellent, rich"
静 ,セイ ジョウ シズ.メ ,しず- しず.か しず.まる ,quiet
婚 ,コン ,,marriage
厚 ,コウ ア ,あつ.い ,"thick, heavy, rich, kind, cordial, brazen, shameless"
喜 ,キ ヨロコ.バ ,よろこ.ぶ ,"rejoice, take pleasure in"
齢 ,レイ ,よわ.い とし ,age
囲 ,イ ,かこ.む かこ.う かこ.い ,"surround, besiege, store, paling, enclosure, encircle, preserve, keep"
卒 ,ソツ シュツ ,そっ.する お.える お.わる ついに にわか ,"graduate, soldier, private, die"
略 ,リャク ,ほぼ おか.す おさ.める はかりごと はか.る はぶ.く りゃく.す りゃく.する ,"abbreviation, omission, outline, shorten, capture, plunder"
承 ,ショウ ウ.ケ ,うけたまわ.る ,"acquiesce, hear, listen to, be informed, receive"
浮 ,フ ウ.カベ ,う.く う.かれる う.かぶ む ,"floating, float, rise to surface"
順 ,ジュ ,,"obey, order, turn, right, docility, occasion"
絶 ,ゼツ ,た.える た.やす た.つ ,"discontinue, beyond, sever, cut off, abstain, interrupt, suppress"
幸 ,コウ シアワ. ,さいわ.い さち ,"happiness, blessing, fortune"
岩 ,ガン ,いわ ,"boulder, rock, cliff"
練 ,レン ネ. ,ね.る ,"practice, gloss, train, drill, polish, refine"
押 ,オウ オサ.エ ,お.す お.し- お.っ- お.さえる ,"push, stop, check, subdue, attach, seize, weight, shove, press, seal, do in spite of"
軽 ,ケイ ,かる.い かろ.やか かろ.んじる ,"lightly, trifling, unimportant"
倒 ,トウ ,たお.れる -だお.れ たお.す ,"overthrow, fall, collapse, drop, break down"
了 ,リョ ,,"complete, finish"
庁 ,チョウ テイ ,やくしょ ,government office
城 ,ジョウ シ ,,castle
患 ,カン ワズラ. ,,"afflicted, disease, suffer from, be ill"
等 ,トウ - ,ひと.しい など ,"etc., and so forth, class (first), quality, equal, similar"
層 ,ソウ ,,"stratum, social class, layer, story, floor"
版 ,ハン ,,"printing block, printing plate, edition, impression, label"
老 ,ロウ フ.ケ ,お.いる ,"old man, old age, grow old"
令 ,レ ,,"orders, ancient laws, command, decree"
角 ,カク ツ ,かど ,"angle, corner, square, horn, antlers"
絡 ,ラク ,から.む から.まる ,"entwine, coil around, get caught in"
損 ,ソン ,そこ.なう そこな.う -そこ.なう そこ.ねる -そこ.ねる ,"damage, loss, disadvantage, hurt, injure"
募 ,ボ ,つの.る ,"recruit, campaign, gather (contributions), enlist, grow violent"
曲 ,キョク マ.ゲ ,ま.がる ,"bend, music, melody, composition, pleasure, injustice, fault, curve, crooked, perverse, lean"
裏 ,リ ,うら ,"back, amidst, in, reverse, inside, palm, sole, rear, lining, wrong side"
払 ,フツ ヒツ ホツ -バラ. ,はら.う -はら.い ,"pay, clear out, prune, banish, dispose of"
庭 ,テイ ニ ,,"courtyard, garden, yard"
徒 ,ト ア ,いたずら ,"junior, emptiness, vanity, futility, uselessness, ephemeral thing, gang, set, party, people"
仏 ,ブツ フツ ,ほとけ ,"Buddha, the dead, France"
績 ,セ ,,"exploits, unreeling cocoons"
築 ,チク キズ. ,,"fabricate, build, construct"
貨 ,カ ,,"freight, goods, property"
混 ,コン ,ま.じる -ま.じり ま.ざる ま.ぜる こ.む ,"mix, blend, confuse"
昇 ,ショウ ノボ. ,,rise up
池 ,チ ,いけ ,"pond, cistern, pool, reservoir"
勤 ,キン ゴン ,つと.める -づと.め つと.まる いそ.しむ ,"diligence, become employed, serve"
血 ,ケツ ,ち ,blood
遅 ,チ オソ. ,おく.れる おく.らす ,"slow, late, back, later"
居 ,キョ コ オ. ,い.る -い ,"reside, to be, exist, live with"
温 ,オン ヌ ,あたた.か あたた.かい あたた.まる あたた.める ,warm
雑 ,ザツ ゾウ ,まじ.える まじ.る ,miscellaneous
招 ,ショウ ,まね.く ,"beckon, invite, summon, engage"
季 ,,,seasons
困 ,コン ,こま.る ,"quandary, become distressed, annoyed"
星 ,セイ ショウ ,ほし -ぼし ,"star, spot, dot, mark"
永 ,エイ ナガ. ,,"eternity, long, lengthy"
著 ,チョ チャク ,あらわ.す いちじる.しい ,"renowned, publish, write, remarkable, phenomenal, put on, don, wear, arrival, finish (race), counter for suit"
誌 ,シ ,,"document, records"
庫 ,コ ク ,くら ,"warehouse, storehouse"
刊 ,カン ,,"publish, carve, engrave"
像 ,ゾ ,,"statue, picture, image, figure, portrait"
香 ,コウ キョウ カオ. ,か かお.り ,"incense, smell, perfume"
欠 ,,あくび ,"lack, gap, fail"
更 ,コウ ,さら さら.に ふ.ける ふ.かす ,"grow late, night watch, sit up late, of course"
坂 ,ハン サ ,,"slope, incline, hill"
刻 ,コク ,きざ.む きざ.み ,"engrave, cut fine, chop, hash, mince, time, carving"
底 ,テイ ,そこ ,"bottom, sole, depth, bottom price, base, kind, sort"
賛 ,サン ,たす.ける たた.える ,"approve, praise, title or inscription on picture, assist, agree with"
抱 ,ホウ カカ.エ ,だ.く いだ.く ,"embrace, hug, hold in arms"
犯 ,ハン ボン ,おか.す ,"crime, sin, offense"
布 ,フ ヌ ,,"linen, cloth"
恐 ,キョウ ,おそ.れる おそ.る おそ.ろしい こわ.い こわ.がる ,"fear, dread, awe"
寺 ,ジ ,てら ,Buddhist temple
息 ,ソク ,いき ,"breath, respiration, son, interest (on money)"
宇 ,,,"eaves, roof, house, heaven"
遠 ,エン オン トオ. ,,"distant, far"
戻 ,レイ ,もど.す もど.る ,"re-, return, revert, resume, restore, go backwards"
巨 ,キ ,,"gigantic, big, large, great"
震 ,シン ,ふる.う ふる.える ,"quake, shake, tremble, quiver, shiver"
願 ,ガン -ネガ ,ねが.う ,"petition, request, vow, wish, hope"
絵 ,カイ エ ,,"picture, drawing, painting, sketch"
希 ,キ ケ マ ,,"hope, beg, request, pray, beseech, Greece, dilute (acid), rare, few, phenomenal"
越 ,エツ オツ -ゴ. ,こ.す -こ.す -ご.し こ.える ,"surpass, cross over, move to, exceed, Vietnam"
欲 ,ヨク ,ほっ.する ほ.しい ,"longing, covetousness, greed, passion, desire, craving"
痛 ,ツウ ,いた.い いた.む いた.ましい いた.める ,"pain, hurt, damage, bruise"
触 ,ショク ,ふ.れる さわ.る さわ ,"contact, touch, feel, hit, proclaim, announce, conflict"
依 ,イ エ ヨ. ,,"reliant, depend on, consequently, therefore, due to"
籍 ,セキ ,,"enroll, domiciliary register, membership"
汚 ,オ ,けが.す けが.れる けが.らわしい よご.す よご.れる きたな.い ,"dirty, pollute, disgrace, rape, defile"
枚 ,マイ バ ,,"sheet of..., counter for flat thin objects or sheets"
笑 ,ショウ エ. ,わら.う ,laugh
互 ,ゴ ,たが.い かたみ.に ,"mutually, reciprocally, together"
複 ,フク ,,"duplicate, double, compound, multiple"
郵 ,ユウ ,,"mail, stagecoach stop"
束 ,ソク ,たば たば.ねる つか つか.ねる ,"bundle, sheaf, ream, tie in bundles, govern, manage, control"
仲 ,チュウ ナ ,,"go-between, relationship"
栄 ,エイ ヨウ ,さか.える は.え -ば.え は.える ,"flourish, prosperity, honor, glory, splendor"
札 ,サツ フ ,,"tag, paper money, counter for bonds, placard, bid"
似 ,ジ ヒ. ,に.る ,"becoming, resemble, counterfeit, imitate, suitable"
板 ,ハン バン ,いた ,"plank, board, plate, stage"
列 ,レツ ,,"file, row, rank, tier, column"
探 ,タン ,さぐ.る さが.す ,"grope, search, look for"
逃 ,トウ ,に.げる に.がす のが.す のが.れる ,"escape, flee, shirk, evade, set free"
骨 ,コツ ,ほね ,"skeleton, bone, remains, frame"
傾 ,ケイ ,かたむ.く かたむ.ける かたぶ.く かた.げる かし.げる ,"lean, incline, tilt, trend, wane, sink, ruin, bias"
届 ,カイ ,とど.ける -とど.け とど.く ,"deliver, reach, arrive, report, notify, forward"
遊 ,ユウ ユ アソ.バ ,あそ.ぶ ,play
迷 ,メイ ,まよ.う ,"astray, be perplexed, in doubt, lost, err, illusion"
夢 ,ム ボウ ,ゆめ ゆめ.みる くら.い ,"dream, vision, illusion"
巻 ,カン ケン ,ま.く まき ま.き ,"scroll, volume, book, part, roll up, wind up, tie, coil, counter for texts (or book scrolls)"
君 ,クン -ギ ,きみ ,"old boy, name-suffix"
燃 ,ネン ,も.える も.やす も.す ,"burn, blaze, glow"
閉 ,ヘイ タ.テ ,と.じる と.ざす し.める し.まる ,"closed, shut"
緒 ,ショ チョ イトグ ,お ,"thong, beginning, inception, end, cord, strap"
跡 ,セキ ,あと ,"tracks, mark, print, impression"
包 ,ホウ クル. ,つつ.む ,"wrap, pack up, cover, conceal"
駐 ,チュウ ,,"stop-over, reside in, resident"
弱 ,ジャク ,よわ.い よわ.る よわ.まる よわ.める ,"weak, frail"
折 ,セツ オ.レ ,お.る おり お.り -お.り ,"fold, break, fracture, bend, yield, submit"
紹 ,ショ ,,"introduce, inherit, help"
草 ,ソウ -グ ,くさ くさ- ,"grass, weeds, herbs, pasture, write, draft"
雇 ,コ ,やと.う ,"employ, hire"
暮 ,ボ ク.ラ ,く.れる ,"livelihood, make a living, spend time"
替 ,タイ カ.ワ ,か.える か.え- ,"exchange, spare, substitute, per-"
預 ,ヨ ,あず.ける あず.かる ,"deposit, custody, leave with, entrust to"
焼 ,ショウ ヤ.ケ ,や.く や.き や.き- -や.き ,"bake, burning"
簡 ,カン ,,"simplicity, brevity"
章 ,ショ ,,"badge, chapter, composition, poem, design"
臓 ,ゾウ ,はらわた ,"entrails, viscera, bowels"
律 ,リツ リチ レ ,,"rhythm, law, regulation, gauge, control"
贈 ,ゾウ ソウ ,おく.る ,"presents, send, give to, award to, confer on, presenting something"
照 ,ショウ テ.レ ,て.る て.らす ,"illuminate, shine, compare, bashful"
酒 ,シュ ,さけ さか ,"sake, alcohol"
薄 ,ハク ,うす.い うす- -うす うす.める うす.まる うす.らぐ うす.ら- うす.れる すすき ,"dilute, thin, weak (tea)"
群 ,グン ムラ.ガ ,む.れる む.れ むら ,"flock, group, crowd, herd, swarm, cluster"
悲 ,ヒ ,かな.しい かな.しむ ,"jail cell, grieve, sad, deplore, regret"
秒 ,ビョウ ,,"second (1, 60 minute)"
奥 ,オウ オク ク ,おく.まる ,"heart, interior"
詰 ,キツ キチ ツ. ,つ.める つ.め -づ.め つ.まる ,"packed, close, pressed, reprove, rebuke, blame"
晴 ,セイ ハ.ラ ,は.れる は.れ は.れ- -ば.れ ,clear up
掛 ,カイ ケイ -ガカ ,か.ける -か.ける か.け -か.け -が.け か.かる -か.かる -が.かる か.かり -が.かり かかり ,"hang, suspend, depend, arrive at, tax, pour"
双 ,ソウ フタ ,ふた たぐい ならぶ ,"pair, set, comparison, counter for pairs"
刺 ,シ ,さ.す さ.さる さ.し さし とげ ,"thorn, pierce, stab, prick, sting, calling card"
到 ,トウ ,いた.る ,"arrival, proceed, reach, attain, result in"
寝 ,シン ,ね.る ね.かす い.ぬ みたまや や.める ,"lie down, sleep, rest, bed, remain unsold"
暗 ,アン ,くら.い ,"darkness, disappear, shade, informal, grow dark, be blinded"
純 ,ジュ ,,"genuine, purity, innocence, net (profit)"
盗 ,トウ ,ぬす.む ぬす.み ,"steal, rob, pilfer"
吸 ,キュウ ,す.う ,"suck, imbibe, inhale, sip"
翌 ,ヨク ,,"the following, next"
陽 ,ヨウ ,,"sunshine, yang principle, positive, male, heaven, daytime"
快 ,カイ ココロヨ. ,,"cheerful, pleasant, agreeable, comfortable"
片 ,ヘン ,かた- かた ,"one-sided, leaf, sheet"
敬 ,ケイ キョウ ウヤマ. ,,"awe, respect, honor, revere"
悩 ,ノウ ,なや.む なや.ます なや.ましい なやみ ,"trouble, worry, in pain, distress, illness"
泉 ,セン イズ ,,"spring, fountain"
御 ,ギョ ゴ ,おん- お- み ,"honorable, manipulate, govern"
皮 ,,けがわ ,"pelt, skin, hide, leather"
漁 ,ギョ リョウ ,あさ.る ,"fishing, fishery"
荒 ,コウ スサ. ,あら.い あら- あ.れる あ.らす -あ.らし ,"laid waste, rough, rude, wild"
貯 ,チョ ,た.める たくわ.える ,"savings, store, lay in, keep, wear mustache"
硬 ,コウ ,かた.い ,"stiff, hard"
歯 ,シ ,よわい は よわ.い よわい.する ,"tooth, cog"
埋 ,マイ ,う.める う.まる う.もれる うず.める うず.まる い.ける ,"bury, be filled up, embedded"
柱 ,チュウ ,はしら ,"pillar, post, cylinder, support"
祭 ,サイ ,まつ.る まつ.り まつり ,"ritual, offer prayers, celebrate, deify, enshrine, worship"
袋 ,タイ ダイ フク ,,"sack, bag, pouch"
忘 ,ボウ ,わす.れる ,forget
雪 ,セツ ユ ,,snow
筆 ,ヒツ フ ,,"writing brush, writing, painting brush, handwriting"
吹 ,スイ フ. ,,"blow, breathe, puff, emit, smoke"
訓 ,クン キン クン.ズ ,おし.える よ.む ,"instruction, Japanese character reading, explanation, read"
浴 ,ヨク ア.ビセ ,あ.びる ,"bathe, be favored with, bask in"
童 ,ドウ ワラ ,,"juvenile, child"
宝 ,ホウ タカ ,,"treasure, wealth, valuables"
封 ,フウ ホウ ,,"seal, closing"
胸 ,キョウ ,むね むな- ,"bosom, breast, chest, heart, feelings"
娘 ,ジョウ ,むすめ こ ,"daughter, girl"
砂 ,サ シャ ス ,,sand
塩 ,エン ,しお ,salt
誤 ,ゴ ,あやま.る -あやま.る ,"mistake, err, do wrong, mislead"
賢 ,ケン カシコ. ,,"intelligent, wise, wisdom, cleverness"
腕 ,ワン ,うで ,"arm, ability, talent"
洗 ,セン アラ. ,,"wash, inquire into, probe"
兆 ,チョウ ,きざ.す きざ.し ,"portent, 10**12, trillion, sign, omen, symptoms"
床 ,ショウ ,とこ ゆか ,"bed, floor, padding, tatami"
慣 ,カン ,な.れる な.らす ,"accustomed, get used to, become experienced"
毛 ,モウ ,,"fur, hair, feather, down"
緑 ,リョク ロク ,みどり ,green
尊 ,ソン トウト. ,たっと.い とうと.い たっと.ぶ ,"revered, valuable, precious, noble, exalted"
祝 ,シュク シュウ イワ. ,,"celebrate, congratulate"
礼 ,レイ ラ ,,"salute, bow, ceremony, thanks, remuneration"
窓 ,ソウ ス ,まど てんまど けむだし ,"window, pane"
柔 ,ジュウ ニュウ ヤワ. ,やわ.らか やわ.らかい やわ ,"tender, weakness, gentleness, softness"
昔 ,セキ シャク ,むかし ,"once upon a time, antiquity, old times"
殿 ,デン テン -ド ,との ,"Mr., hall, mansion, palace, temple, lord"
濃 ,ノウ コ. ,,"concentrated, thick, dark, undiluted"
液 ,エキ ,,"fluid, liquid, juice, sap, secretion"
貧 ,ヒン ビン ,まず.しい ,"poverty, poor"
衣 ,イ エ ,ころも きぬ -ぎ ,"garment, clothes, dressing"
肩 ,ケン ,かた ,shoulder
零 ,レイ ,ぜろ こぼ.す こぼ.れる ,"zero, spill, overflow, nothing, cipher"
怒 ,ド ヌ ,いか.る おこ.る ,"angry, be offended"
泳 ,エイ ,およ.ぐ ,swim
祖 ,,,"ancestor, pioneer, founder"
幼 ,ヨウ オサナ. ,,"infancy, childhood"
荷 ,カ ,,"baggage, shoulder-pole load, bear (a burden), shoulder (a gun), load, cargo, freight"
泊 ,ハク ト.メ ,と.まる ,"overnight, put up at, ride at anchor, 3-day stay"
杯 ,ハイ ,さかずき ,"counter for cupfuls, wine glass, glass, toast"
黄 ,コウ オウ ,き こ ,yellow
甘 ,カン ウマ. ,あま.い あま.える あま.やかす ,"sweet, coax, pamper, be content, sugary"
臣 ,シン ジ ,,"retainer, subject"
浅 ,セン アサ. ,,"shallow, superficial, frivolous, wretched, shameful"
掃 ,ソウ シュ ハ. ,,"sweep, brush"
雲 ,ウン -グ ,くも ,cloud
掘 ,クツ ホ. ,,"dig, delve, excavate"
疲 ,ヒ ,つか.れる -づか.れ つか.らす ,"exhausted, tire, weary"
捨 ,シャ ,す.てる ,"discard, throw away, abandon, resign, reject, sacrifice"
皆 ,カイ ミン ,みな ,"all, everything"
軟 ,ナン ,やわ.らか やわ.らかい ,soft
沈 ,チン ジン シズ.メ ,しず.む ,"sink, be submerged, subside, be depressed, aloes"
鳴 ,メイ ナ.ラ ,な.く な.る ,"chirp, cry, bark, sound, ring, echo, honk"
凍 ,トウ シ.ミ ,こお.る こご.える こご.る い.てる ,"frozen, congeal, refrigerate"
腹 ,フク ,はら ,"abdomen, belly, stomach"
乳 ,ニュウ ,ちち ち ,"milk, breasts"
煙 ,エン ケム. ,けむ.る けむり ,smoke
恋 ,レン ,こ.う こい こい.しい ,"romance, in love, yearn for, miss, darling"
紅 ,コウ ク アカ. ,べに くれない ,"crimson, deep red"
郊 ,コウ ,,"outskirts, suburbs, rural area"
腰 ,ヨウ コ ,,"loins, hips, waist, low wainscoting"
炭 ,タン ,すみ ,"charcoal, coal"
踊 ,ヨウ ,おど.る ,"jump, dance, leap, skip"
冊 ,サツ サク ,ふみ ,"tome, counter for books, volume"
眠 ,ミン ネム. ,ねむ.る ,"sleep, die, sleepy"
勇 ,ユウ イサ. ,,"courage, cheer up, be in high spirits, bravery, heroism"
械 ,カイ ,かせ ,"contraption, fetter, machine, instrument"
怖 ,フ ホ ,こわ.い こわ.がる お.じる おそ.れる ,"dreadful, be frightened, fearful"
菜 ,サイ ,,"vegetable, side dish, greens"
耳 ,ジ ミ ,,ear
珍 ,チン タカ ,めずら.しい ,"rare, curious, strange"
卵 ,ラン ,たまご ,"egg, ovum, spawn, roe"
湖 ,コ ミズウ ,,lake
喫 ,キツ ,,"consume, eat, drink, smoke, receive (a blow)"
干 ,カン ヒ. ,ほ.す ほ.し- -ぼ.し ,"dry, parch"
頂 ,チョウ ,いただ.く いただき ,"place on the head, receive, top of head, top, summit, peak"
虫 ,チュウ キ ム ,,"insect, bug, temper"
刷 ,サツ ,す.る -ず.り -ずり は.く ,"printing, print"
湯 ,トウ ,ゆ ,"hot water, bath, hot spring"
箱 ,ソウ ,はこ ,"box, chest, case, bin, railway car"
溶 ,ヨウ ,と.ける と.かす と.く ,"melt, dissolve, thaw"
鉱 ,コウ ,あらがね ,"mineral, ore"
涙 ,ルイ レイ ,なみだ ,"tears, sympathy"
匹 ,ヒツ ,ひき ,"equal, head, counter for small animals, roll of cloth"
孫 ,ソン マ ,,"grandchild, descendants"
鋭 ,エイ スルド. ,,"pointed, sharpness, edge, weapon, sharp, violent"
枝 ,シ エ ,,"bough, branch, twig, limb"
塗 ,ト ,ぬ.る ぬ.り まみ.れる ,"paint, plaster, daub, smear, coating"
軒 ,ケン ,のき ,"flats, counter for houses, eaves"
毒 ,ドク ,,"poison, virus, venom, germ, harm, injury, spite"
晩 ,バン ,,"nightfall, night"
叫 ,キョウ ,さけ.ぶ ,"shout, exclaim, yell"
拝 ,ハイ ,おが.む おろが.む ,"worship, adore, pray to"
氷 ,ヒョウ コオ. ,こおり ひ ,"icicle, ice, hail, freeze, congeal"
乾 ,カン ケン ,かわ.く かわ.かす ほ.す ひ.る いぬい ,"drought, dry, dessicate, drink up, heaven, emperor"
棒 ,ボウ ,,"rod, stick, cane, pole, club, line"
寒 ,カン サム. ,,cold
祈 ,キ イノ. ,,"pray, wish"
髪 ,ハツ カ ,,hair of the head
忙 ,ボウ モウ ,いそが.しい せわ.しい おそ.れる うれえるさま ,"busy, occupied, restless"
拾 ,シュウ ジュウ ,ひろ.う ,"pick up, gather, find, go on foot, ten"
粉 ,フン デシメートル ,こ こな ,"flour, powder, dust"
糸 ,シ ,いと ,thread
綿 ,メン ワ ,,cotton
才 ,サイ ,,"genius, years old, cubic shaku"
汗 ,カン ,あせ ,"sweat, perspire"
銅 ,ドウ ,あかがね ,copper
湿 ,シツ シュウ ,しめ.る しめ.す うるお.う うるお.す ,"damp, wet, moist"
瓶 ,ビン カ ,,"flower pot, bottle, vial, jar, jug, vat, urn"
咲 ,ショウ -ザ ,さ.く ,"blossom, bloom"
召 ,ショウ ,め.す ,"seduce, call, send for, wear, put on, ride in, buy, eat, drink, catch (cold)"
缶 ,カン カ ,,"tin can, container"
隻 ,セキ ,,"vessels, counter for ships, fish, birds, arrows, one of a pair"
脂 ,シ ,あぶら ,"fat, grease, tallow, lard, rosin, gum, tar"
蒸 ,ジョウ セイ ,む.す む.れる む.らす ,"steam, heat, sultry, foment, get musty"
肌 ,キ ,はだ ,"texture, skin, body, grain"
靴 ,カ ,くつ ,shoes
耕 ,コウ タガヤ. ,,"till, plow, cultivate"
鈍 ,ドン ,にぶ.い にぶ.る にぶ- なま.る なまく.ら ,"dull, slow, foolish, blunt"
恥 ,チ ,は.じる はじ は.じらう は.ずかしい ,"shame, dishonor"
泥 ,デイ ナイ デ ニ ド ,,"mud, mire, adhere to, be attached to"
隅 ,グウ ,すみ ,"corner, nook"
偶 ,グウ ,たま ,"accidentally, even number, couple, man & wife, same kind"
灯 ,トウ ,ひ ほ- ともしび とも.す あかり ,"lamp, a light, light, counter for lights"
辛 ,シン ,から.い つら.い -づら.い かのと ,"spicy, bitter, hot, acrid"
磨 ,マ ス. ,みが.く ,"grind, polish, scour, improve, brush (teeth)"
麦 ,バク ,むぎ ,"barley, wheat"
姓 ,セイ ショウ ,,surname
筒 ,トウ ,つつ ,"cylinder, pipe, tube, gun barrel, sleeve"
鼻 ,ビ ,はな ,"nose, snout"
粒 ,リュウ ,つぶ ,"grains, drop, counter for tiny particles"
詞 ,シ ,,"part of speech, words, poetry"
偉 ,イ エラ. ,,"admirable, greatness, remarkable, conceited, famous, excellent"
胃 ,イ ,,"stomach, paunch, crop, craw"
畳 ,ジョウ チョウ ,たた.む たたみ かさ.なる ,"tatami mat, counter for tatami mats, fold, shut up, do away with"
机 ,キ ,つくえ ,"desk, table"
膚 ,フ ,はだ ,"skin, body, grain, texture, disposition"
濯 ,タク ,すす.ぐ ゆす.ぐ ,"laundry, wash, pour on, rinse"
猫 ,ビョウ ,ねこ ,cat
塔 ,トウ ,,"pagoda, tower, steeple"
沸 ,フツ ,わ.く わ.かす ,"seethe, boil, ferment, uproar, breed"
灰 ,カイ ,はい ,"ashes, puckery juice, cremate"
菓 ,カ ,,"candy, cakes, fruit"
幾 ,キ イク. ,いく- いく.つ ,"how many, how much, how far, how long"
帽 ,ボウ モウ ,ずきん おお.う ,"cap, headgear"
枯 ,コ ,か.れる か.らす ,"wither, die, dry up, be seasoned"
涼 ,リョウ マコト ,すず.しい すず.む すず.やか うす.い ひや.す ,"refreshing, nice and cool"
舟 ,シュウ ,ふね ふな- -ぶね ,"boat, ship"
貝 ,バイ ,かい ,shellfish
符 ,フ ,,"token, sign, mark, tally, charm"
憎 ,ゾウ ,にく.む にく.い にく.らしい にく.しみ ,"hate, detest"
皿 ,ベイ ,さら ,"dish, a helping, plate"
肯 ,コウ ,がえんじ.る ,"agreement, consent, comply with"
燥 ,ソウ ,はしゃ.ぐ ,"parch, dry up"
畜 ,チク ,,"livestock, domestic fowl and animals"
挟 ,キョウ ショウ ,はさ.む はさ.まる わきばさ.む さしはさ.む ,"pinch, between"
曇 ,ドン クモ. ,,"cloudy weather, cloud up"
滴 ,テキ ,しずく したた.る ,"drip, drop"
伺 ,シ ,うかが.う ,"pay respects, visit, ask, inquire, question, implore"
会 ,カイ エ アツ.マ ,あ.う あ.わせる ,"meeting, meet, party, association, interview, join"
同 ,ドウ ,おな.じ ,"same, agree, equal"
事 ,ジ ズ ツカ.エ ,こと つか.う ,"matter, thing, fact, business, reason, possibly"
自 ,ジ シ オノ.ズ ,みずか.ら おの.ずから ,oneself
社 ,シャ ヤシ ,,"company, firm, office, association, shrine"
発 ,ハツ ホツ ハナ. ,た.つ あば.く おこ.る つか.わす ,"discharge, departure, publish, emit, start from, disclose"
者 ,シャ ,もの ,"someone, person"
地 ,チ ,,"ground, earth"
業 ,ギョウ ゴウ ワ ,,"business, vocation, arts, performance"
方 ,ホウ -ガ ,かた -かた ,"direction, person, alternative"
新 ,シン ,あたら.しい あら.た あら- にい ,new
場 ,ジョウ チョウ ,ば ,"location, place"
員 ,イ ,,"employee, member, number, the one in charge"
立 ,リツ リュウ リットル -ダ.テ ,た.つ -た.つ た.ち- た.てる -た.てる た.て- たて- -た.て -だ.て ,stand up
開 ,カイ ア.ケ ,ひら.く ひら.き -びら.き ひら.ける あ.く ,"open, unfold, unseal"
手 ,シュ ズ ,て て- -て た- ,hand
力 ,リョク リキ リイ チカ ,,"power, strong, strain, bear up, exert"
問 ,モン ト ,と.う と.い ,"question, ask, problem"
代 ,ダイ タイ シ ,か.わる かわ.る かわ.り -がわ.り か.える よ ,"substitute, change, convert, replace, period, age, generation, charge, rate, fee"
明 ,メイ ミョウ ミン ア.カ ,あ.かり あか.るい あか.るむ あか.らむ あき.らか あ.ける -あ.け あ.く あ.くる ,"bright, light"
動 ,ドウ ウゴ.カ ,うご.く ,"move, motion, change, confusion, shift, shake"
京 ,キョウ ケイ キン ミヤ ,,"capital, 10**16"
目 ,モク ボク ,め -め ま ,"eye, class, look, insight, experience, care, favor"
通 ,ツウ ツ カヨ. ,とお.る とお.り -とお.り -どお.り とお.す とお.し -どお.し ,"traffic, pass through, avenue, commute, counter for letters"
言 ,ゲン ゴン コ ,い.う ,say
理 ,リ コトワ ,,"logic, arrangement, reason, justice, truth"
体 ,タイ テイ カタ ,からだ ,"body, substance, object, reality, counter for images"
田 ,デン ,,"rice field, rice paddy"
主 ,シュ ス シュウ アル ,ぬし おも ,"lord, chief, master, main thing, principal"
題 ,ダイ ,,"topic, subject"
意 ,,,"idea, mind, heart, taste, thought, desire, care, liking"
不 ,フ ブ ,,"negative, non-, bad, ugly, clumsy"
作 ,サク サ -ヅク. ,つく.る つく.り ,"make, production, prepare, build"
用 ,ヨウ モチ.イ ,,"utilize, business, service, use, employ"
度 ,ド ト タク -タ. ,たび ,"degrees, occurrence, time, counter for occurrences"
強 ,キョウ ゴウ コワ. ,つよ.い つよ.まる つよ.める し.いる ,strong
公 ,コウ ク オオヤ ,,"public, prince, official, governmental"
持 ,ジ モ.テ ,も.つ -も.ち ,"hold, have"
野 ,ヤ ショ ,の の ,"plains, field, rustic, civilian life"
以 ,イ モッ. ,,"by means of, because, in view of, compared with"
思 ,シ ,おも.う おもえら.く おぼ.す ,think
家 ,カ ケ ウ ,いえ や ,"house, home"
世 ,セイ セ ソウ サンジュ ,よ ,"generation, world, society, public"
多 ,タ ,おお.い まさ.に まさ.る ,"many, frequent, much"
正 ,セイ ショウ マサ. ,ただ.しい ただ.す まさ ,"correct, justice, righteous, 10**40"
安 ,アン ヤス.ラ ,やす.い やす.まる やす ,"relax, cheap, low, quiet, rested, contented, peaceful"
院 ,イン ,,"Inst., institution, temple, mansion, school"
心 ,,りっしんべん ,"heart, mind, spirit"
界 ,カイ ,,world
教 ,キョウ オソ.ワ ,おし.える ,"teach, faith, doctrine"
文 ,ブン モン ア ,ふみ ,"sentence, literature, style, art, decoration, figures, plan"
元 ,ゲン ガン モ ,,"beginning, former time, origin"
重 ,ジュウ チョウ オ ,え おも.い おも.り おも.なう かさ.ねる かさ.なる ,"heavy, heap up, pile up, nest of boxes, -fold"
近 ,キン コン チカ. ,,"near, early, akin, tantamount"
考 ,コウ カンガ. ,かんが.える ,"consider, think over"
画 ,ガ カク エ カイ ,えが.く かく.する かぎ.る はかりごと はか.る ,"brush-stroke, picture"
海 ,カイ ウ ,,"sea, ocean"
売 ,バイ ウ.レ ,う.る ,sell
知 ,チ シ.ラセ ,し.る ,"know, wisdom"
道 ,ドウ トウ ミ ,,"road-way, street, district, journey, course, moral, teachings"
集 ,シュウ ツド. ,あつ.まる あつ.める ,"gather, meet, congregate, swarm, flock"
別 ,ベツ ワ.ケ ,わか.れる ,"separate, branch off, diverge, fork, another, extra, specially"
物 ,ブツ モツ ,もの もの- ,"thing, object, matter"
使 ,シ ,つか.う つか.い -つか.い -づか.い ,use
品 ,ヒン ホン ,しな ,"goods, refinement, dignity, article, counter for meal courses"
計 ,ケイ ハカ.ラ ,はか.る ,"plot, plan, scheme, measure"
死 ,シ ,し.ぬ し.に- ,"death, die"
特 ,トク ,,special
私 ,シ ,わたくし わたし ,"private, I, me"
始 ,シ ハジ.マ ,はじ.める -はじ.める ,"commence, begin"
朝 ,チョウ ア ,,"morning, dynasty, regime, epoch, period, (North) Korea"
運 ,ウン ,はこ.ぶ ,"carry, luck, destiny, fate, lot, transport, progress, advance"
終 ,シュウ ツイ. ,お.わる -お.わる おわ.る お.える つい ,"end, finish"
台 ,ダイ タイ ,うてな われ つかさ ,"pedestal, a stand, counter for machines and vehicles"
広 ,コウ ,ひろ.い ひろ.まる ひろ.める ひろ.がる ひろ.げる ,"wide, broad, spacious"
住 ,ジュウ ヂュウ チュウ -ズ.マ ,す.む す.まう ,"dwell, reside, live, inhabit"
真 ,シン マコ ,ま ま- ,"true, reality, Buddhist sect"
有 ,ユウ ウ ア. ,,"possess, have, exist, happen, occur, approx"
口 ,コウ ク ,くち ,mouth
少 ,ショウ ,すく.ない すこ.し ,"few, little"
町 ,チョウ ,まち ,"village, town, block, street"
料 ,リョウ ,,"fee, materials"
工 ,コウ ク ,,"craft, construction"
建 ,ケン コン タ. ,た.てる た.て -だ.て ,build
空 ,クウ ムナ.シ ,そら あ.く あ.き あ.ける から す.く す.かす ,"empty, sky, void, vacant, vacuum"
急 ,キュウ ,いそ.ぐ いそ.ぎ ,"hurry, emergency, sudden, steep"
止 ,シ -サ. ,と.まる -ど.まり と.める -と.める -ど.め とど.める とど.め とど.まる や.める や.む -や.む よ. ,"stop, halt"
送 ,ソウ ,おく.る ,"escort, send"
切 ,セツ サイ -ギ. ,き.る -き.る き.り -き.り -ぎ.り き.れる -き.れる き.れ -き.れ ,"cut, cutoff, be sharp"
転 ,テン ,ころ.がる ころ.げる ころ.がす ころ.ぶ まろ.ぶ うたた うつ.る ,"revolve, turn around, change"
研 ,ケン ト. ,,"polish, study of, sharpen"
足 ,ソク タ. ,あし た.りる た.る ,"leg, foot, be sufficient, counter for pairs of footwear"
究 ,キュウ ク キワ.メ ,,"research, study"
楽 ,ガク ラク ゴウ コノ. ,たの.しい たの.しむ ,"music, comfort, ease"
起 ,キ ,お.きる お.こる お.こす おこ.す た.つ ,"rouse, wake up, get up"
着 ,チャク ジャク ,き.る -ぎ き.せる -き.せ つ.く つ.ける ,"don, arrive, wear, counter for suits of clothing"
店 ,テン ,みせ たな ,"store, shop"
病 ,ビョウ ヘイ ,や.む -や.み やまい ,"ill, sick"
質 ,シツ シチ チ ,たち ただ.す もと わりふ ,"substance, quality, matter, temperament"
待 ,タイ -マ. ,ま.つ ,"wait, depend on"
試 ,シ ,こころ.みる ため.す ,"test, try, attempt, experiment, ordeal"
族 ,ゾ ,,"tribe, family"
銀 ,ギン シロガ ,,silver
早 ,ソウ サッ ,はや.い はや はや- はや.まる はや.める さ ,"early, fast"
映 ,エイ -バ. ,うつ.る うつ.す は.える ,"reflect, reflection, projection"
親 ,シン シタ.シ ,おや おや- した.しい ,"parent, intimacy, relative, familiarity, dealer (cards)"
験 ,ケン ゲン ,あかし しるし ため.す ためし ,"verification, effect, testing"
英 ,エイ ハナブ ,,"England, English"
医 ,イ ,い.やす い.する くすし ,"doctor, medicine"
仕 ,シ ジ ,つか.える ,"attend, doing, official, serve"
去 ,キョ コ -サ. ,さ.る ,"gone, past, quit, leave, elapse, eliminate, divorce"
味 ,ミ ,あじ あじ.わう ,"flavor, taste"
写 ,シャ ジャ ,うつ.す うつ.る うつ- うつ.し ,"copy, be photographed, describe"
字 ,ジ ,あざ あざな -な ,"character, letter, word, section of village"
答 ,トウ コタ. ,こた.える ,"solution, answer"
夜 ,ヤ ,よ よる ,"night, evening"
音 ,オン イン -ノン ,おと ,"sound, noise"
注 ,チュウ ,そそ.ぐ さ.す つ.ぐ ,"pour, irrigate, shed (tears), flow into, concentrate on, notes, comment, annotate"
帰 ,キ ,かえ.る かえ.す おく.る とつ.ぐ ,"homecoming, arrive at, lead to, result in"
古 ,コ -フル. ,ふる.い ふる- ,old
歌 ,カ ,うた うた.う ,"song, sing"
買 ,バイ ,か.う ,buy
悪 ,アク オ ,わる.い わる- あ.し にく.い -にく.い ああ いずくに いずくんぞ にく.む ,"bad, vice, rascal, false, evil, wrong"
図 ,ズ ト ハカ. ,え ,"map, drawing, plan, unexpected, accidentally"
週 ,シュウ ,,week
室 ,シツ ,むろ ,"room, apartment, chamber, greenhouse, cellar"
歩 ,ホ ブ フ アユ. ,ある.く ,"walk, counter for steps"
風 ,フウ フ -カ ,かぜ かざ- ,"wind, air, style, manner"
紙 ,シ ,かみ ,paper
黒 ,コク ,くろ くろ.ずむ くろ.い ,black
花 ,カ ケ ハ ,,flower
春 ,シュン ハ ,,"springtime, spring (season)"
赤 ,セキ シャク アカ.ラメ ,あか あか- あか.い あか.らむ ,red
青 ,セイ ショウ アオ. ,あお あお- ,"blue, green"
館 ,カン タ ,やかた ,"building, mansion, large building, palace"
屋 ,オク ,,"roof, house, shop, dealer, seller"
色 ,ショク シキ イ ,,color
走 ,ソウ ハシ. ,,run
秋 ,シュウ ト ,あき ,autumn
夏 ,カ ガ ゲ ,なつ ,summer
習 ,シュウ ジュ ,なら.う なら.い ,learn
駅 ,エキ ,,station
洋 ,ヨ ,,"ocean, western style"
旅 ,リョ ,たび ,"trip, travel"
服 ,フ ,,"clothing, admit, obey, discharge"
夕 ,セキ ユ ,,evening
借 ,シャク ,か.りる ,"borrow, rent"
曜 ,ヨ ,,weekday
飲 ,イン オン ,の.む -の.み ,"drink, smoke, take"
肉 ,ニク ,,meat
貸 ,タイ ,か.す か.し- かし- ,lend
堂 ,ドウ ,,"public chamber, hall"
鳥 ,チョウ ト ,,"bird, chicken"
飯 ,ハン メ ,,"meal, boiled rice"
勉 ,ベン ツト.メ ,,exertion
冬 ,トウ ,ふゆ ,winter
昼 ,チュウ ,ひる ,"daytime, noon"
茶 ,チャ ,,tea
弟 ,テイ ダイ デ オトウ ,,"younger brother, faithful service to elders"
牛 ,ギュウ ウ ,,cow
魚 ,ギョ -ザカ ,うお さかな ,fish
兄 ,ケイ キョウ ア ,,"elder brother, big brother"
犬 ,ケン ,いぬ いぬ- ,dog
妹 ,マイ イモウ ,,younger sister
姉 ,シ ,あね はは ,elder sister
漢 ,カ ,,"Sino-, China"
日 ,ニチ ジツ - ,ひ -び ,"day, sun, Japan"
一 ,イチ イツ ヒト. ,ひと- ,one
国 ,コク ク ,,country
人 ,ジン ニン - ,ひと -り ,person
年 ,ネン ト ,,year
大 ,ダイ タイ -オオ.イ ,おお- おお.きい ,"large, big"
十 ,ジュウ ジッ ジュッ ,とお ,ten
二 ,ニ ジ フタタ. ,ふた ふた.つ ,two
本 ,ホン モ ,,"book, present, main, true, real, counter for long things"
中 ,チュウ アタ. ,なか うち ,"in, inside, middle, mean, center"
長 ,チョウ オ ,なが.い ,"long, leader"
出 ,シュツ スイ イ.ダ ,で.る -で だ.す -だ.す い.でる ,"exit, leave"
三 ,サン ゾウ ミッ. ,み み.つ ,three
時 ,ジ -ド ,とき ,"time, hour"
行 ,コウ ギョウ アン オコ.ナ ,い.く ゆ.く -ゆ.き -ゆき -い.き -いき おこな.う ,"going, journey"
見 ,ケン ,み.る み.える み.せる ,"see, hopes, chances, idea, opinion, look at, visible"
月 ,ゲツ ガツ ツ ,,"month, moon"
後 ,ゴ コウ オク.レ ,のち うし.ろ うしろ あと ,"behind, back, later"
前 ,ゼン -マ ,まえ ,"in front, before"
生 ,セイ ショウ - ,い.きる い.かす い.ける う.まれる う.まれ うまれ う.む お.う は.える は.やす き なま なま- な.る ,"life, genuine, birth"
五 ,ゴ イツ. ,いつ ,five
間 ,カン ケン ,あいだ ま あい ,"interval, space"
上 ,ジョウ ショウ シャン ヨ. ,うえ -うえ うわ- かみ あ.げる -あ.げる あ.がる -あ.がる あ.がり -あ.がり のぼ.る のぼ.り のぼ. ,"above, up"
東 ,トウ ヒガ ,,east
四 ,シ ヨ ,よ よ.つ よっ.つ ,four
今 ,コン キン イ ,,now
金 ,キン コン ゴン -ガ ,かね かな- ,gold
九 ,キュウ ク ココノ. ,ここの ,nine
入 ,ニュウ ジュ ハイ. ,い.る -い.る -い.り い.れる -い.れ ,"enter, insert"
学 ,ガク マナ. ,,"study, learning, science"
高 ,コウ タカ.メ ,たか.い たか -だか たか.まる ,"tall, high, expensive"
円 ,エン マロ.ヤ ,まる.い まる まど まど.か ,"circle, yen, round"
子 ,シ ス ツ ,こ -こ ,"child, sign of the rat, 11PM-1AM, first sign of Chinese zodiac"
外 ,ガイ ゲ ,そと ほか はず.す はず.れる と ,outside
八 ,ハチ ヨ ,や や.つ やっ.つ ,eight
六 ,ロク リク ム ,む む.つ むっ.つ ,six
下 ,カ ゲ オ.リ ,した しも もと さ.げる さ.がる くだ.る くだ.り くだ.す -くだ.す くだ.さる お.ろす ,"below, down, descend, give, low, inferior"
来 ,ライ タイ ,く.る きた.る きた.す き.たす き.たる き ,"come, due, next, cause, become"
気 ,キ ケ ,いき ,"spirit, mind"
小 ,ショウ ,ちい.さい こ- お- さ ,"little, small"
七 ,シチ ナ ,なな なな.つ ,seven
山 ,サン セン ヤ ,,mountain
話 ,ワ ,はな.す はなし ,"tale, talk"
女 ,ジョ ニョ ニョウ ,おんな ,"woman, female"
北 ,ホク キ ,,north
午 ,ゴ ,うま ,"noon, sign of the horse, 11AM-1PM, seventh sign of Chinese zodiac"
百 ,ヒャク ビャク モ ,,hundred
書 ,ショ -ガ ,か.く -が.き ,write
先 ,セン マ. ,さき ,"before, ahead, previous, future, precedence"
名 ,メイ ミョウ - ,な ,"name, noted, distinguished, reputation"
川 ,セン カ ,,"stream, river"
千 ,セン ,,thousand
水 ,スイ ,みず みず ,water
半 ,ハン ナカ. ,,"half, middle, odd number, semi-, part-"
男 ,ダン ナン ,おとこ ,male
西 ,セイ サイ ス ニ ,,"west, Spain"
電 ,デン ,,electricity
校 ,コウ キョ ,,"exam, school, printing, proof, correction"
語 ,ゴ ,かた.る かた.らう ,"word, speech, language"
土 ,ド ト ツ ,,"soil, earth, ground, Turkey"
木 ,ボク モク ,き こ ,"tree, wood"
聞 ,ブン モン ,き.く き.こえる ,"hear, ask, listen"
食 ,ショク ジキ ハ. ,く.う く.らう た.べる ,"eat, food"
車 ,シャ クル ,,car
何 ,カ ,なに なん なに- なん ,what
南 ,ナン ナ ミナ ,,south
万 ,マン バン ヨロ ,,ten thousand
毎 ,マイ -ゴト. ,ごと ,every
白 ,ハク ビャク シロ. ,しろ しら- ,white
天 ,テン ,あまつ あめ あま ,"heavens, sky, imperial"
母 ,ボ ,はは も ,"mama, mother"
火 ,カ ,ひ -び ほ- ,fire
右 ,ウ ユウ ミ ,,right
読 ,ドク トク トウ -ヨ. ,よ.む ,read
友 ,ユウ ト ,,friend
左 ,サ シャ ヒダ ,,left
休 ,キュウ ,やす.む やす.まる やす.める ,"rest, day off, retire, sleep"
父 ,フ ,ちち ,father
雨 ,ウ ,あめ あま- -さめ ,rain
,,,
,,,
,,,
,,,
,,,
,,,
,,,
,,,
,,,
,,,
,,,
,,,
,,,
,,,
,,,
,,,
,,,
,,,
,,,
,,,
,,,
,,,
,,,
,,,
,,,
,,,
,,,
,,,
,,,
,,,
,,,
,,,
,,,
,,,
,,,
,,,
,,,
,,,
,,,
,,,
,,,
,,,
,,,
,,,
,,,
,,,
,,,
,,,
,,,
,,,
,,,
,,,
,,,
,,,
,,,
,,,
,,,
,,,
,,,
,,,
,,,
,,,
,,,
,,,
,,,
,,,
,,,
,,,
,,,
,,,
,,,
,,,
,,,
,,,
,,,
,,,
,,,
,,,
,,,
,,,
,,,
,,,
,,,
,,,
,,,
,,,
,,,
,,,
,,,
,,,
,,,
,,,
,,,
,,,
,,,
,,,
,,,
,,,
,,,
,,,
,,,
,,,
,,,
,,,
,,,
,,,
,,,
,,,
,,,
,,,
,,,
,,,
,,,
,,,
,,,
,,,
,,,
,,,
,,,
,,,
,,,
,,,
,,,
,,,
,,,
,,,
,,,
,,,
,,,
,,,
,,,
,,,
,,,
,,,
,,,
,,,
,,,
,,,
,,,
,,,
,,,
,,,
,,,
,,,
,,,
,,,
,,,
,,,
,,,
,,,
,,,
,,,
,,,
,,,
,,,
,,,
,,,
,,,
,,,
,,,
,,,
,,,
,,,
,,,
,,,
,,,
,,,
,,,
,,,
,,,
,,,
,,,
,,,
,,,
,,,
,,,
,,,
,,,
,,,
,,,
,,,
,,,
,,,
,,,
,,,
,,,
,,,
,,,
,,,
,,,
,,,
,,,
,,,
,,,
,,,
,,,
,,,
,,,
,,,
,,,
,,,
,,,
,,,
,,,
,,,
,,,
,,,
,,,
,,,
,,,
,,,
,,,
,,,
,,,
,,,
,,,
,,,
,,,
,,,
,,,
,,,
,,,
,,,
,,,
,,,
,,,
,,,
,,,
,,,
,,,
,,,
,,,
,,,
,,,
,,,
,,,
,,,
,,,
,,,
,,,
,,,
,,,
,,,
,,,
,,,
,,,
,,,
,,,
,,,
,,,
,,,
,,,
,,,
,,,
,,,
,,,
,,,
,,,
,,,
,,,
,,,
,,,
,,,
,,,
,,,
,,,
,,,
,,,
,,,
,,,
,,,
,,,
,,,
,,,
,,,
,,,
,,,
,,,
,,,
,,,
,,,
,,,
,,,
,,,
,,,
,,,
,,,
,,,
,,,
,,,
,,,
,,,
,,,
,,,
,,,
,,,
,,,
,,,
,,,
,,,
,,,
,,,
,,,
,,,
,,,
,,,
,,,
,,,
,,,
,,,
,,,
,,,
,,,
,,,
,,,
,,,
,,,
,,,
,,,
,,,
,,,
,,,
,,,
,,,
,,,
,,,
,,,
,,,
,,,
,,,
,,,
,,,
,,,
,,,
,,,
,,,
,,,
,,,
,,,
,,,
,,,
,,,
,,,
,,,
,,,
,,,
,,,
,,,
,,,
,,,
,,,
,,,
,,,
,,,
,,,
,,,
,,,
,,,
,,,
,,,
,,,
,,,
,,,
,,,
,,,
,,,
,,,
,,,
,,,
,,,
,,,
,,,
,,,
,,,
,,,
,,,
,,,
,,,
,,,
,,,
,,,
,,,
,,,
,,,
,,,
,,,
,,,
,,,
,,,
,,,
,,,
,,,
,,,
,,,
,,,
,,,
,,,
,,,
,,,
,,,
,,,
,,,
,,,
,,,
,,,
,,,
,,,
,,,
,,,
,,,
,,,
,,,
,,,
,,,
,,,
,,,
,,,
,,,
,,,
,,,
,,,
,,,
,,,
,,,
,,,
,,,
,,,
,,,
,,,
,,,
,,,
,,,
,,,
,,,
,,,
,,,
,,,
,,,
,,,
,,,
,,,
,,,
,,,
,,,
,,,
,,,
,,,
,,,
,,,
,,,
,,,
,,,
,,,
,,,
,,,
,,,
,,,
,,,
,,,
,,,
,,,
,,,
,,,
,,,
,,,
,,,
,,,
,,,
,,,
,,,
,,,
,,,
,,,
,,,
,,,
,,,
,,,
,,,
,,,
,,,
,,,
,,,
,,,
,,,
,,,
,,,
,,,
,,,
,,,
,,,
,,,
,,,
,,,
,,,
,,,
,,,
,,,
,,,
,,,
,,,
,,,
,,,
,,,
,,,
,,,
,,,
,,,
,,,
,,,
,,,
,,,
,,,
,,,
,,,
,,,
,,,
,,,
,,,
,,,
,,,
,,,
,,,
,,,
,,,
,,,
,,,
,,,
,,,
,,,
,,,
,,,
,,,
,,,
,,,
,,,
,,,
,,,
,,,
,,,
,,,
,,,
,,,
,,,
,,,
,,,
,,,
,,,
,,,
,,,
,,,
,,,
,,,
,,,
,,,
,,,
,,,
,,,
,,,
,,,
,,,
,,,
,,,
,,,
,,,
,,,
,,,
,,,
,,,
,,,
,,,
,,,
,,,
,,,
,,,
,,,
,,,
,,,
,,,
,,,
,,,
,,,
,,,
,,,
,,,
,,,
,,,
,,,
,,,
,,,
,,,
,,,
,,,
,,,
,,,
,,,
,,,
,,,
,,,
,,,
,,,
,,,
,,,
,,,
,,,
,,,
,,,
,,,
,,,
,,,
,,,
,,,
,,,
,,,
,,,
,,,
,,,
,,,
,,,
,,,
,,,
,,,
,,,
,,,
,,,
,,,
,,,
,,,
,,,
,,,
,,,
,,,
,,,
,,,
,,,
,,,
,,,
,,,
,,,
,,,
,,,
,,,
,,,
,,,
,,,
,,,
,,,
,,,
,,,
,,,
,,,
,,,
,,,
,,,
,,,
,,,
,,,
,,,
,,,
,,,
,,,
,,,
,,,
,,,
,,,
,,,
,,,
,,,
,,,
,,,
,,,
,,,
,,,
,,,
,,,
,,,
,,,
,,,
,,,
,,,
,,,
,,,
,,,
,,,
,,,
,,,
,,,
,,,
,,,
,,,
,,,
,,,
,,,
,,,
,,,
,,,
,,,
,,,
,,,
,,,
,,,
,,,
,,,
,,,
,,,
,,,
,,,
,,,
,,,
,,,
,,,
,,,
,,,
,,,
,,,
,,,
,,,
,,,
,,,
,,,
,,,
,,,
,,,
,,,
,,,
,,,
,,,
,,,
,,,
,,,
,,,
,,,
,,,
,,,
,,,
,,,
,,,
,,,
,,,
,,,
,,,
,,,
,,,
,,,
,,,
,,,
,,,
,,,
,,,
,,,
,,,
,,,
,,,
,,,
,,,
,,,
,,,
,,,
,,,
,,,
,,,
,,,
,,,
,,,
,,,
,,,
,,,
,,,
,,,
,,,
,,,
,,,
,,,
,,,
,,,
,,,
,,,
,,,
,,,
,,,
,,,
,,,
,,,
,,,
,,,
,,,
,,,
,,,
,,,
,,,
,,,
,,,
,,,
,,,
,,,
,,,
,,,
,,,
,,,
,,,
,,,
,,,
,,,
,,,
,,,
,,,
,,,
,,,
,,,
,,,
,,,
,,,
,,,
,,,
,,,
,,,
,,,
,,,
,,,
,,,
,,,
,,,
,,,
,,,
,,,
,,,
,,,
,,,
,,,
,,,
,,,
,,,
,,,
,,,
,,,
,,,
,,,
,,,
,,,
,,,
,,,
,,,
,,,
,,,
,,,
,,,
,,,
,,,
,,,
,,,
,,,
,,,
,,,
,,,
,,,
,,,
,,,
,,,
,,,
,,,
,,,
,,,
,,,
,,,
,,,
,,,
,,,
,,,
,,,
,,,
,,,
,,,
,,,
,,,
,,,
,,,
,,,
,,,
,,,
,,,
,,,
,,,
,,,
,,,
,,,
,,,
,,,
,,,
,,,
,,,
,,,
,,,
,,,
,,,
,,,
,,,
,,,
,,,
,,,
,,,
,,,
,,,
,,,
,,,
,,,
,,,
,,,
,,,
,,,
,,,
,,,
,,,
,,,
,,,
,,,
,,,
,,,
,,,
,,,
,,,
,,,
,,,
,,,
,,,
,,,
,,,
,,,
,,,
,,,
,,,
,,,
,,,
,,,
,,,
,,,
,,,
,,,
,,,
,,,
,,,
,,,
,,,
,,,
,,,
,,,
,,,
,,,
,,,
,,,
,,,
,,,
,,,
,,,
,,,
,,,
,,,
,,,
,,,
,,,
,,,
,,,
,,,
,,,
,,,
,,,
,,,
,,,
,,,
,,,
,,,
,,,
,,,
,,,
,,,
,,,
,,,
,,,
,,,
,,,
,,,
,,,
,,,
,,,
,,,
,,,
,,,
,,,
,,,
,,,
,,,
,,,
,,,
,,,
,,,
,,,
,,,
,,,
,,,
,,,
,,,
,,,
,,,
,,,
,,,
,,,
,,,
,,,
,,,
,,,
,,,
,,,
,,,
,,,
,,,
,,,
,,,
,,,
,,,
,,,
,,,
,,,
,,,
,,,
,,,
,,,
,,,
,,,
,,,
,,,
,,,
,,,
,,,
,,,
,,,
,,,
,,,
,,,
,,,
,,,
,,,
,,,
,,,
,,,
,,,
,,,
,,,
,,,
,,,
,,,
,,,
,,,
,,,
,,,
,,,
,,,
,,,
,,,
,,,
,,,
,,,
,,,
,,,
,,,
,,,
,,,
,,,
,,,
,,,
,,,
,,,
,,,
,,,
,,,
,,,
,,,
,,,
,,,
,,,
,,,
,,,
,,,
,,,
,,,
,,,
,,,
,,,
,,,
,,,
,,,
,,,
,,,
,,,
,,,
,,,
,,,
,,,
,,,
,,,
,,,
,,,
,,,
,,,
,,,
,,,
,,,
,,,
,,,
,,,
,,,
,,,
,,,
,,,
,,,
,,,
,,,
,,,
,,,
,,,
,,,
,,,
,,,
,,,
,,,
,,,
,,,
,,,
,,,
,,,
,,,
,,,
,,,
,,,
,,,
,,,
,,,
,,,
,,,
,,,
,,,
,,,
,,,
,,,
,,,
,,,
,,,
,,,
,,,
,,,
,,,
,,,
,,,
,,,
,,,
,,,
,,,
,,,
,,,
,,,
,,,
,,,
,,,
,,,
,,,
,,,
,,,
,,,
,,,
,,,
,,,
,,,
,,,
,,,
,,,
,,,
,,,
,,,
,,,
,,,
,,,
,,,
,,,
,,,
,,,
,,,
,,,
,,,
,,,
,,,
,,,
,,,
,,,
,,,
,,,
,,,
,,,
,,,
,,,
,,,
,,,
,,,
,,,
,,,
,,,
,,,
,,,
,,,
,,,
,,,
,,,
,,,
,,,
,,,
,,,
,,,
,,,
,,,
,,,
,,,
,,,
,,,
,,,
,,,
,,,
,,,
,,,
,,,
,,,
,,,
,,,
,,,
,,,
,,,
,,,
,,,
,,,
,,,
,,,
,,,
,,,
,,,
,,,
,,,
,,,
,,,
,,,
,,,
,,,
,,,
,,,
,,,
,,,
,,,
,,,
,,,
,,,
,,,
,,,
,,,
,,,
,,,
,,,
,,,
,,,
,,,
,,,
,,,
,,,
,,,
,,,
,,,
,,,
,,,
,,,
,,,
,,,
,,,
,,,
,,,
,,,
,,,
,,,
,,,
,,,
,,,
,,,
,,,
,,,
,,,
,,,
,,,
,,,
,,,
,,,
,,,
,,,
,,,
,,,
,,,
,,,
,,,
,,,
,,,
,,,
,,,
,,,
,,,
,,,
,,,
,,,
,,,
,,,
,,,
,,,
,,,
,,,
,,,
,,,
,,,
,,,
,,,
,,,
,,,
,,,
,,,
,,,
,,,
,,,
,,,
,,,
,,,
,,,
,,,
,,,
,,,
,,,
,,,
,,,
,,,
,,,
,,,
,,,
,,,
,,,
,,,
,,,
,,,
,,,
,,,
,,,
,,,
,,,
,,,
,,,
,,,
,,,
,,,
,,,
,,,
,,,
,,,
,,,
,,,
,,,
,,,
,,,
,,,
,,,
,,,
,,,
,,,
,,,
,,,
,,,
,,,
,,,
,,,
,,,
,,,
,,,
,,,
,,,
,,,
,,,
,,,
,,,
,,,
,,,
,,,
,,,
,,,
,,,
,,,
,,,
,,,
,,,
,,,
,,,
,,,
,,,
,,,
,,,
,,,
,,,
,,,
,,,
,,,
,,,
,,,
,,,
,,,
,,,
,,,
,,,
,,,
,,,
,,,
,,,
,,,
,,,
,,,
,,,
,,,
,,,
,,,
,,,
,,,
,,,
,,,
,,,
,,,
,,,
,,,
,,,
,,,
,,,
,,,
,,,
,,,
,,,
,,,
,,,
,,,
,,,
,,,
,,,
,,,
,,,
,,,
,,,
,,,
,,,
,,,
,,,
,,,
,,,
,,,
,,,
,,,
,,,
,,,
,,,
,,,
,,,
,,,
,,,
,,,
,,,
,,,
,,,
,,,
,,,
,,,
,,,
,,,
,,,
,,,
,,,
,,,
,,,
,,,
,,,
,,,
,,,
,,,
,,,
,,,
,,,
,,,
,,,
,,,
,,,
,,,
,,,
,,,
,,,
,,,
,,,
,,,
,,,
,,,
,,,
,,,
,,,
,,,
,,,
,,,
,,,
,,,
,,,
,,,
,,,
,,,
,,,
,,,
,,,
,,,
,,,
,,,
,,,
,,,
,,,
,,,
,,,
,,,
,,,
,,,
,,,
,,,
,,,
,,,
,,,
,,,
,,,
,,,
,,,
,,,
,,,
,,,
,,,
,,,
,,,
,,,
,,,
,,,
,,,
,,,
,,,
,,,
,,,
,,,
,,,
,,,
,,,
,,,
,,,
,,,
,,,
,,,
,,,
,,,
,,,
,,,
,,,
,,,
,,,
,,,
,,,
,,,
,,,
,,,
,,,
,,,
,,,
,,,
,,,
,,,
,,,
,,,
,,,
,,,
,,,
,,,
,,,
,,,
,,,
,,,
,,,
,,,
,,,
,,,
,,,
,,,
,,,
,,,
,,,
,,,
,,,
,,,
,,,
,,,
,,,
,,,
,,,
,,,
,,,
,,,
,,,
,,,
,,,
,,,
,,,
,,,
,,,
,,,
,,,
,,,
,,,
,,,
,,,
,,,
,,,
,,,
,,,
,,,
,,,
,,,
,,,
,,,
,,,
,,,
,,,
,,,
,,,
,,,
,,,
,,,
,,,
,,,
,,,
,,,
,,,
,,,
,,,
,,,
,,,
,,,
,,,
,,,
,,,
,,,
,,,
,,,
,,,
,,,
,,,
,,,
,,,
,,,
,,,
,,,
,,,
,,,
,,,
,,,
,,,
,,,
,,,
,,,
,,,
,,,
,,,
,,,
,,,
,,,
,,,
,,,
,,,
,,,
,,,
,,,
,,,
,,,
,,,
,,,
,,,
,,,
,,,
,,,
,,,
,,,
,,,
,,,
,,,
,,,
,,,
,,,
,,,
,,,
,,,
,,,
,,,
,,,
,,,
,,,
,,,
,,,
,,,
,,,
,,,
,,,
,,,
,,,
,,,
,,,
,,,
,,,
,,,
,,,
,,,
,,,
,,,
,,,
,,,
,,,
,,,
,,,
,,,
,,,
,,,
,,,
,,,
,,,
,,,
,,,
,,,
,,,
,,,
,,,
,,,
,,,
,,,
,,,
,,,
,,,
,,,
,,,
,,,
,,,
,,,
,,,
,,,
,,,
,,,
,,,
,,,
,,,
,,,
,,,
,,,
,,,
,,,
,,,
,,,
,,,
,,,
,,,
,,,
,,,
,,,
,,,
,,,
,,,
,,,
,,,
,,,
,,,
,,,
,,,
,,,
,,,
,,,
,,,
,,,
,,,
,,,
,,,
,,,
,,,
,,,
,,,
,,,
,,,
,,,
,,,
,,,
,,,
,,,
,,,
,,,
,,,
,,,
,,,
,,,
,,,
,,,
,,,
,,,
,,,
,,,
,,,
,,,
,,,
,,,
,,,
,,,
,,,
,,,
,,,
,,,
,,,
,,,
,,,
,,,
,,,
,,,
,,,
,,,
,,,
,,,
,,,
,,,
,,,
,,,
,,,
,,,
,,,
,,,
,,,
,,,
,,,
,,,
,,,
,,,
,,,
,,,
,,,
,,,
,,,
,,,
,,,
,,,
,,,
,,,
,,,
,,,
,,,
,,,
,,,
,,,
,,,
,,,
,,,
,,,
,,,
,,,
,,,
,,,
,,,
,,,
,,,
,,,
,,,
,,,
,,,
,,,
,,,
,,,
,,,
,,,
,,,
,,,
,,,
,,,
,,,
,,,
,,,
,,,
,,,
,,,
,,,
,,,
,,,
,,,
,,,
,,,
,,,
,,,
,,,
,,,
,,,
,,,
,,,
,,,
,,,
,,,
,,,
,,,
,,,
,,,
,,,
,,,
,,,
,,,
,,,
,,,
,,,
,,,
,,,
,,,
,,,
,,,
,,,
,,,
,,,
,,,
,,,
,,,
,,,
,,,
,,,
,,,
,,,
,,,
,,,
,,,
,,,
,,,
,,,
,,,
,,,
,,,
,,,
,,,
,,,
,,,
,,,
,,,
,,,
,,,
,,,
,,,
,,,
,,,
,,,
,,,
,,,
,,,
,,,
,,,
,,,
,,,
,,,
,,,
,,,
,,,
,,,
,,,
,,,
,,,
,,,
,,,
,,,
,,,
,,,
,,,
,,,
,,,
,,,
,,,
,,,
,,,
,,,
,,,
,,,
,,,
,,,
,,,
,,,
,,,
,,,
,,,
,,,
,,,
,,,
,,,
,,,
,,,
,,,
,,,
,,,
,,,
,,,
,,,
,,,
,,,
,,,
,,,
,,,
,,,
,,,
,,,
,,,
,,,
,,,
,,,
,,,
,,,
,,,
,,,
,,,
,,,
,,,
,,,
,,,
,,,
,,,
,,,
,,,
,,,
,,,
,,,
,,,
,,,
,,,
,,,
,,,
,,,
,,,
,,,
,,,
,,,
,,,
,,,
,,,
,,,
,,,
,,,
,,,
,,,
,,,
,,,
,,,
,,,
,,,
,,,
,,,
,,,
,,,
,,,
,,,
,,,
,,,
,,,
,,,
,,,
,,,
,,,
,,,
,,,
,,,
,,,
,,,
,,,
,,,
,,,
,,,
,,,
,,,
,,,
,,,
,,,
,,,
,,,
,,,
,,,
,,,
,,,
,,,
,,,
,,,
,,,
,,,
,,,
,,,
,,,
,,,
,,,
,,,
,,,
,,,
,,,
,,,
,,,
,,,
,,,
,,,
,,,
,,,
,,,
,,,
,,,
,,,
,,,
,,,
,,,
,,,
,,,
,,,
,,,
,,,
,,,
,,,
,,,
,,,
,,,
,,,
,,,
,,,
,,,
,,,
,,,
,,,
,,,
,,,
,,,
,,,
,,,
,,,
,,,
,,,
,,,
,,,
,,,
,,,
,,,
,,,
,,,
,,,
,,,
,,,
,,,
,,,
,,,
,,,
,,,
,,,
,,,
,,,
,,,
,,,
,,,
,,,
,,,
,,,
,,,
,,,
,,,
,,,
,,,
,,,
,,,
,,,
,,,
,,,
,,,
,,,
,,,
,,,
,,,
,,,
,,,
,,,
,,,
,,,
,,,
,,,
,,,
,,,
,,,
,,,
,,,
,,,
,,,
,,,
,,,
,,,
,,,
,,,
,,,
,,,
,,,
,,,
,,,
,,,
,,,
,,,
,,,
,,,
,,,
,,,
,,,
,,,
,,,
,,,
,,,
,,,
,,,
,,,
,,,
,,,
,,,
,,,
,,,
,,,
,,,
,,,
,,,
,,,
,,,
,,,
,,,
,,,
,,,
,,,
,,,
,,,
,,,
,,,
,,,
,,,
,,,
,,,
,,,
,,,
,,,
,,,
,,,
,,,
,,,
,,,
,,,
,,,
,,,
,,,
,,,
,,,
,,,
,,,
,,,
,,,
,,,
,,,
,,,
,,,
,,,
,,,
,,,
,,,
,,,
,,,
,,,
,,,
,,,
,,,
,,,
,,,
,,,
,,,
,,,
,,,
,,,
,,,
,,,
,,,
,,,
,,,
,,,
,,,
,,,
,,,
,,,
,,,
,,,
,,,
,,,
,,,
,,,
,,,
,,,
,,,
,,,
,,,
,,,
,,,
,,,
,,,
,,,
,,,
,,,
,,,
,,,
,,,
,,,
,,,
,,,
,,,
,,,
,,,
,,,
,,,
,,,
,,,
,,,
,,,
,,,
,,,
,,,
,,,
,,,
,,,
,,,
,,,
,,,
,,,
,,,
,,,
,,,
,,,
,,,
,,,
,,,
,,,
,,,
,,,
,,,
,,,
,,,
,,,
,,,
,,,
,,,
,,,
,,,
,,,
,,,
,,,
,,,
,,,
,,,
,,,
,,,
,,,
,,,
,,,
,,,
,,,
,,,
,,,
,,,
,,,
,,,
,,,
,,,
,,,
,,,
,,,
,,,
,,,
,,,
,,,
,,,
,,,
,,,
,,,
,,,
,,,
,,,
,,,
,,,
,,,
,,,
,,,
,,,
,,,
,,,
,,,
,,,
,,,
,,,
,,,
,,,
,,,
,,,
,,,
,,,
,,,
,,,
,,,
,,,
,,,
,,,
,,,
,,,
,,,
,,,
,,,
,,,
,,,
,,,
,,,
,,,
,,,
,,,
,,,
,,,
,,,
,,,
,,,
,,,
,,,
,,,
,,,
,,,
,,,
,,,
,,,
,,,
,,,
,,,
,,,
,,,
,,,
,,,
,,,
,,,
,,,
,,,
,,,
,,,
,,,
,,,
,,,
,,,
,,,
,,,
,,,
,,,
,,,
,,,
,,,
,,,
,,,
,,,
,,,
,,,
,,,
,,,
,,,
,,,
,,,
,,,
,,,
,,,
,,,
,,,
,,,
,,,
,,,
,,,
,,,
,,,
,,,
,,,
,,,
,,,
,,,
,,,
,,,
,,,
,,,
,,,
,,,
,,,
,,,
,,,
,,,
,,,
,,,
