お兄さん,おにいさん
お姉さん,おねえさん
お弁当,おべんとう
お手洗い,おてあらい
お母さん,おかあさん
お父さん,おとうさん
お皿,おさら
お茶,おちゃ
お菓子,おかし
お酒,おさけ
お金,おかね
お風呂,おふろ
さ来年,さらいねん
とり肉,とりにく
もう一度,もういちど
一,いち
一つ,ひとつ
一人,ひとり
一日,いちにち
一日,ついたち
一昨年,おととし
一昨日,おととい
一月,ひとつき
一緒,いっしょ
七,しち / なな
七つ,ななつ
七日,なのか
万,まん
万年筆,まんねんひつ
丈夫,じょうぶ
三,さん
三つ,みっつ
三日,みっか
上,うえ
上げる,あげる
上手,じょうず
上着,うわぎ
下,した
下手,へた
両親,りょうしん
並ぶ,ならぶ
並べる,ならべる
中,なか
丸い/円い,まるい
乗る,のる
九,きゅう / く
九つ,ここのつ
九日,ここのか
二,に
二つ,ふたつ
二人,ふたり
二十日,はつか
二十歳,はたち
二日,ふつか
五,ご
五つ,いつつ
五日,いつか
交差点,こうさてん
交番,こうばん
人,ひと
今,いま
今年,ことし
今日,きょう
今晩,こんばん
今月,こんげつ
今朝,けさ
今週,こんしゅう
仕事,しごと
休み,やすみ
休む,やすむ
会う,あう
会社,かいしゃ
伯母さん/叔母さん,おばさん
伯父/叔父,おじいさん
伯父/叔父,おじさん
低い,ひくい
住む,すむ
体,からだ
何,なん/なに
作る,つくる
作文,さくぶん
使う,つかう
便利,べんり
借りる,かりる
傘,かさ
働く,はたらく
元気,げんき
兄,あに
兄弟,きょうだい
先,さき
先月,せんげつ
先生,せんせい
先週,せんしゅう
入る,はいる
入れる,いれる
入口,いりぐち
全部,ぜんぶ
八,はち
八つ,やっつ
八日,ようか
八百屋,やおや
公園,こうえん
六,ろく
六つ,むっつ
六日,むいか
写真,しゃしん
冬,ふゆ
冷たい,つめたい
冷蔵庫,れいぞうこ
出かける,でかける
出す,だす
出る,でる
出口,でぐち
分かる,わかる
切る,きる
切手,きって
切符,きっぷ
初め/始め,はじめ
初めて,はじめて
前,まえ
勉強,べんきょうする
動物,どうぶつ
勤める,つとめる
北,きた
医者,いしゃ
十,じゅう とお
十日,とおか
千,せん
午前,ごぜん
午後,ごご
半,はん
半分,はんぶん
南,みなみ
危ない,あぶない
卵,たまご
厚い,あつい
去年,きょねん
友達,ともだち
取る,とる
口,くち
古い,ふるい
台所,だいどころ
右,みぎ
同じ,おなじ
名前,なまえ
向こう,むこう
吸う,すう
吹く,ふく
呼ぶ,よぶ
咲く,さく
問題,もんだい
喫茶店,きっさてん
四,し / よん
四つ,よっつ
四日,よっか
困る,こまる
図書館,としょかん
国,くに
土曜日,どようび
地下鉄,ちかてつ
地図,ちず
塩,しお
声,こえ
売る,うる
夏,なつ
夏休み,なつやすみ
夕方,ゆうがた
夕飯,ゆうはん
外,そと
外国,がいこく
外国人,がいこくじん
多い,おおい
夜,よる
大きい,おおきい
大きな,おおきな
大丈夫,だいじょうぶ
大人,おとな
大使館,たいしかん
大切,たいせつ
大勢,おおぜい
大好き,だいすき
大学,だいがく
天気,てんき
太い,ふとい
奥さん,おくさん
女,おんな
女の子,おんなのこ
好き,すき
妹,いもうと
姉,あね
始まる,はじまる
嫌,いや
嫌い,きらい
子供,こども
字引,じびき
学校,がっこう
学生,がくせい
安い,やすい
家,いえ
家庭,かてい
家族,かぞく
宿題,しゅくだい
寒い,さむい
寝る,ねる
封筒,ふうとう
小さい,ちいさい
小さな,ちいさな
少し,すこし
少ない,すくない
居る,いる
山,やま
川/河,かわ
左,ひだり
差す,さす
帰る,かえる
帽子,ぼうし
年,とし
広い,ひろい
店,みせ
座る,すわる
庭,にわ
廊下,ろうか
建物,たてもの
引く,ひく
弟,おとうと
弱い,よわい
強い,つよい
弾く,ひく
待つ,まつ
後,あと
後ろ,うしろ
御飯,ごはん
忘れる,わすれる
忙しい,いそがしい
悪い,わるい
意味,いみ
戸,と
所,ところ
手,て
手紙,てがみ
押す,おす
持つ,もつ
掃除,そうじする
授業,じゅぎょう
撮る,とる
教える,おしえる
教室,きょうしつ
散歩,さんぽする
文章,ぶんしょう
料理,りょうり
新しい,あたらしい
新聞,しんぶん
方,かた
旅行,りょこう
日曜日,にちようび
早い,はやい
明い,あかるい
明日,あした
易しい,やさしい
映画,えいが
映画館,えいがかん
春,はる
昨夜,ゆうべ
昨日,きのう
昼,ひる
昼御飯,ひるごはん
時々,ときどき
時計,とけい
時間,じかん
晩,ばん
晩御飯,ばんごはん
晴れ,はれ
晴れる,はれる
暇,ひま
暑い,あつい
暖かい,あたたかい
暗い,くらい
曇り,くもり
曇る,くもる
曲る,まがる
書く,かく
月曜日,げつようび
有名,ゆうめい
服,ふく
朝,あさ
朝御飯,あさごはん
木,き
木曜日,もくようび
本,ほん
本棚,ほんだな
机,つくえ
村,むら
来る,くる
来年,らいねん
来月,らいげつ
来週,らいしゅう
東,ひがし
果物,くだもの
楽しい,たのしい
横,よこ
橋,はし
次,つぎ
欲しい,ほしい
歌,うた
歌う,うたう
止まる,とまる
歩く,あるく
歯,は
死ぬ,しぬ
毎年,まいねん/まいとし
毎日,まいにち
毎晩,まいばん
毎月,まいげつ/まいつき
毎朝,まいあさ
毎週,まいしゅう
水,みず
水曜日,すいようび
汚い,きたない
池,いけ
泳ぐ,およぐ
洋服,ようふく
洗う,あらう
洗濯,せんたく
海,うみ
消える,きえる
消す,けす
涼しい,すずしい
渡す,わたす
渡る,わたる
温い,ぬるい
漢字,かんじ
火曜日,かようび
灰皿,はいざら
無くす,なくす
煩い,うるさい
熱い,あつい
牛乳,ぎゅうにゅう
牛肉,ぎゅうにく
物,もの
犬,いぬ
狭い,せまい
猫,ねこ
玄関,げんかん
甘い,あまい
生まれる,うまれる
生徒,せいと
男,おとこ
男の子,おとこのこ
町,まち
留学生,りゅうがくせい
番号,ばんごう
疲れる,つかれる
病気,びょうき
病院,びょういん
痛い,いたい
登る,のぼる
白,しろ
白い,しろい
百,ひゃく
皆さん,みなさん
目,め
眼鏡,めがね
着く,つく
着る,きる
知る,しる
短い,みじかい
砂糖,さとう
磨く,みがく
私,わたくし
私,わたし
秋,あき
空,そら
窓,まど
立つ,たつ
答える,こたえる
箱,はこ
紅茶,こうちゃ
紙,かみ
細い,ほそい
終る,おわる
結婚,けっこん
結構,けっこう
絵,え
緑,みどり
締める,しめる
練習,れんしゅうする
置く,おく
習う,ならう
耳,みみ
聞く,きく
肉,にく
背,せ
背広,せびろ
脱ぐ,ぬぐ
自分,じぶん
自動車,じどうしゃ
自転車,じてんしゃ
色,いろ
花,はな
花瓶,かびん
若い,わかい
英語,えいご
茶色,ちゃいろ
荷物,にもつ
葉書,はがき
薄い,うすい
薬,くすり
行く,いく
行く,ゆく
西,にし
要る,いる
見せる,みせる
見る 観る,みる
覚える,おぼえる
角,かど
言う,いう
言葉,ことば
話,はなし
話す,はなす
誕生日,たんじょうび
読む,よむ
誰,だれ
誰,だれか
警官,けいかん
豚肉,ぶたにく
財布,さいふ
買い物,かいもの
買う,かう
貸す,かす
貼る,はる
賑やか,にぎやか
質問,しつもん
赤,あか
赤い,あかい
走る,はしる
起きる,おきる
足,あし
車,くるま
軽い,かるい
辛い,からい
辞書,じしょ
辺,へん
近い,ちかい
近く,ちかく
返す,かえす
速い,はやい
遅い,おそい
遊ぶ,あそぶ
道,みち
違う,ちがう
遠い,とおい
部屋,へや
郵便局,ゆうびんきょく
重い,おもい
野菜,やさい
金曜日,きんようび
鉛筆,えんぴつ
銀行,ぎんこう
長い,ながい
門,もん
閉まる,しまる
閉める,しめる
開く,あく
開ける,あける
降りる,おりる
降る,ふる
階段,かいだん
隣,となり
雑誌,ざっし
難しい,むずかしい
雨,あめ
雪,ゆき
零,れい
電気,でんき
電話,でんわ
電車,でんしゃ
青,あお
青い,あおい
静か,しずか
靴,くつ
靴下,くつした
音楽,おんがく
頭,あたま
頼む,たのむ
風,かぜ
風邪,かぜ
飛ぶ,とぶ
飛行機,ひこうき
食べる,たべる
食べ物,たべもの
食堂,しょくどう
飲み物,のみもの
飲む,のむ
飴,あめ
駅,えき
高い,たかい
魚,さかな
鳥,とり
鳴く,なく
黄色,きいろ
黄色い,きいろい
黒,くろ
黒い,くろい
鼻,はな
お・金持ち,かねもち/おかねもち
お土産,おみやげ
お嬢さん,おじょうさん
お宅,おたく
お礼,おれい
お祝い,おいわい
お祭り,おまつり
お見舞い,おみまい
ご存じ,ごぞんじ
さ来月,さらいげつ
さ来週,さらいしゅう
一度,いちど
一生懸命,いっしょうけんめい
丁寧,ていねい
上る,あがる
下げる,さげる
下りる,おりる
下る,さがる
下宿,げしゅく
下着,したぎ
不便,ふべん
世界,せかい
両方,りょうほう
中学校,ちゅうがっこう
久しぶり,ひさしぶり
乗り換える,のりかえる
乗り物,のりもの
乾く,かわく
予定,よてい
予約,よやく
予習,よしゅう
事務所,じむしょ
事故,じこ
二階建て,にかいだて
亡くなる,なくなる
交通,こうつう
人口,じんこう
人形,にんぎょう
今夜,こんや
今度,こんど
仕方,しかた
付く,つく
代わり,かわり
以上,いじょう
以下,いか
以内,いない
以外,いがい
会場,かいじょう
会話,かいわ
会議,かいぎ
会議室,かいぎしつ
伝える,つたえる
似る,にる
住所,じゅうしょ
例えば,たとえば
倍,ばい
倒れる,たおれる
僕,ぼく
億,おく
優しい,やさしい
先輩,せんぱい
光,ひかり
光る,ひかる
入学,にゅうがく・する
入院,にゅういん・する
公務員,こうむいん
具合,ぐあい
写す,うつす
冷える,ひえる
冷房,れいぼう
凄い,すごい
別,べつ
別れる,わかれる
利用,りよう
割れる,われる
割合,わりあい
力,ちから
動く,うごく
動物園,どうぶつえん
勝つ,かつ
包む,つつむ
医学,いがく
十分,じゅうぶん
卒業,そつぎょう
危険,きけん
原因,げんいん
厳しい,きびしい
参る,まいる
反対,はんたい
取り替える,とりかえる
受ける,うける
受付,うけつけ
召し上がる,めしあがる
台風,たいふう
合う,あう
向かう,むかう
君,きみ
君,くん
周り,まわり
味,あじ
味噌,みそ
品物,しなもの
喜ぶ,よろこぶ
噛む,かむ
回る,まわる
国際,こくさい
地理,ちり
地震,じしん
坂,さか
堅/硬/固い,かたい
場合,ばあい
場所,ばしょ
塗る,ぬる
増える,ふえる
壁,かべ
壊す,こわす
壊れる,こわれる
売り場,うりば
変,へん
変える,かえる
変わる,かわる
夢,ゆめ
大事,だいじ
大体,だいたい
大分,だいぶ
大学生,だいがくせい
天気予報,てんきよほう
太る,ふとる
夫,おっと
失敗,しっぱい
女性,じょせい
妻,つま
始める,はじめる
娘,むすめ
子,こ
字,じ
季節,きせつ
安全,あんぜん
安心,あんしん
客,きゃく
家内,かない
寂しい,さびしい
寄る,よる
寝坊,ねぼう
寺,てら
将来,しょうらい
尋ねる,たずねる
小学校,しょうがっこう
小説,しょうせつ
小鳥,ことり
届ける,とどける
屋上,おくじょう
展覧会,てんらんかい
島,しま
工場,こうじょう/こうば
工業,こうぎょう
差し上げる,さしあげる
市,し
市民,しみん
布団,ふとん
席,せき
帰り,かえり
店員,てんいん
建てる,たてる
引き出し,ひきだし
引っ越す,ひっこす
形,かたち
役に立つ,やくにたつ
彼,かれ
彼女,かのじょ
御主人,ごしゅじん
復習,ふくしゅう
心,こころ
必ず,かならず
必要,ひつよう
忘れ物,わすれもの
怒る,おこる
怖い,こわい
思い出す,おもいだす
思う,おもう
急,きゅう
急ぐ,いそぐ
急行,きゅうこう
恥ずかしい,はずかしい
息子,むすこ
悲しい,かなしい
意見,いけん
慣れる,なれる
戦争,せんそう
戻る,もどる
手伝う,てつだう
手袋,てぶくろ
打つ,うつ
払う,はらう
技術,ぎじゅつ
投げる,なげる
折る,おる
折れる,おれる
押し入れ,おしいれ
拝見,はいけん・する
拾う,ひろう
指,ゆび
指輪,ゆびわ
捕まえる,つかまえる
捨てる,すてる
掛ける,かける
探す,さがす
揺れる,ゆれる
政治,せいじ
故障,こしょう・する
教会,きょうかい
教育,きょういく
数学,すうがく
文化,ぶんか
文学,ぶんがく
文法,ぶんぽう
新聞社,しんぶんしゃ
旅館,りょかん
日,ひ
日記,にっき
明日,あす・あした
昔,むかし
星,ほし
昼休み,ひるやすみ
昼間,ひるま
時代,じだい
普通,ふつう
景色,けしき
暖房,だんぼう
暮れる,くれる
最初,さいしょ
最後,さいご
最近,さいきん
木綿,もめん
林,はやし
枝,えだ
柔らかい,やわらかい
柔道,じゅうどう
校長,こうちょう
棚,たな
森,もり
植える,うえる
楽しみ,たのしみ
楽む,たのしむ
機会,きかい
止む,やむ
止める,とめる
止める,やめる
正しい,ただしい
歯医者,はいしゃ
歴史,れきし
残る,のこる
残念,ざんねん
比べる,くらべる
毛,け
気,き
気分,きぶん
気持ち,きもち
水泳,すいえい
水道,すいどう
汚れる,よごれる
決して,けっして
決める,きめる
決る,きまる
汽車,きしゃ
沸かす,わかす
沸く,わく
治る,なおる
泊まる,とまる
法律,ほうりつ
泣く,なく
泥棒,どろぼう
注射,ちゅうしゃ
注意,ちゅうい
泳ぎ方,およぎかた
浅い,あさい
海岸,かいがん
消しゴム,けしゴム
消しゴム,けしゴム
深い,ふかい
済む,すむ
港,みなと
湖,みずうみ
湯,ゆ
滑る,すべる
漫画,まんが
漬ける,つける
火,ひ
火事,かじ
点,てん
為,ため
無くなる,なくなる
無理,むり
焼く,やく
焼ける,やける
熱,ねつ
片付ける,かたづける
特に,とくに
特別,とくべつ
特急,とっきゅう
珍しい,めずらしい
理由,りゆう
生きる,いきる
生活,せいかつ・する
生産,せいさん・する
産業,さんぎょう
用,よう
用事,ようじ
用意,ようい
田舎,いなか
申し上げる,もうしあげる
申す,もうす
男性,だんせい
留守,るす
番組,ばんぐみ
畳,たたみ
痩せる,やせる
発音,はつおん
皆,みな
盗む,ぬすむ
盛ん,さかん
直す,なおす
直る,なおる
看護師,かんごし
真中,まんなか
眠い,ねむい
眠る,ねむる
着物,きもの
知らせる,しらせる
石,いし
砂,すな
研究,けんきゅう
研究室,けんきゅうしつ
確か,たしか
社会,しゃかい
社長,しゃちょう
祈る,いのる
祖母,そぼ
祖父,そふ
神社,じんじゃ
科学,かがく
移る,うつる
空く,あく
空気,くうき
空港,くうこう
立てる,たてる
競争,きょうそう
笑う,わらう
答,こたえ
簡単,かんたん
米,こめ
糸,いと
約束,やくそく
細かい,こまかい
紹介,しょうかい
終わり,おわり
経済,けいざい
絹,きぬ
続く,つづく
続ける,つづける
線,せん
美しい,うつくしい
美術館,びじゅつかん
習慣,しゅうかん
翻訳,ほんやく
考える,かんがえる
聞こえる,きこえる
育てる,そだてる
背中,せなか
腕,うで
自由,じゆう
致す,いたす
興味,きょうみ
舟,ふね
花見,はなみ
苦い,にがい
草,くさ
落す,おとす
落る,おちる
葉,は
虫,むし
血,ち
行う,おこなう
表,おもて
裏,うら
複雑,ふくざつ
西洋,せいよう
見える,みえる
見つかる,みつかる
見つける,みつける
見物,けんぶつ
規則,きそく
親,おや
親切,しんせつ
触る,さわる
訪ねる,たずねる
訳,わけ
試合,しあい
試験,しけん
説明,せつめい
課長,かちょう
調べる,しらべる
講堂,こうどう
講義,こうぎ
謝る,あやまる
警察,けいさつ
負ける,まける
貿易,ぼうえき
贈り物,おくりもの
赤ん坊,あかんぼう
起す,おこす
趣味,しゅみ
足す,たす
足りる,たりる
踊り,おどり
踊る,おどる
踏む,ふむ
辞典,じてん
込む,こむ
迎える,むかえる
近所,きんじょ
返事,へんじ
退院,たいいん・する
送る,おくる
逃げる,にげる
途中,とちゅう
通う,かよう
通る,とおる
連絡,れんらく
進む,すすむ
遅れる,おくれる
遊び,あそび
運ぶ,はこぶ
運転手,うんてんしゅ
過ぎる,すぎる
道具,どうぐ
遠く,とおく
遠慮,えんりょ・する
適当,てきとう
選ぶ,えらぶ
郊外,こうがい
部長,ぶちょう
都,と
都合,つごう
釣る,つる
鏡,かがみ
開く,ひらく
間,あいだ
間に合う,まにあう
間違える,まちがえる
関係,かんけい
降り出す,ふりだす
隅,すみ
集める,あつめる
集る,あつまる
雲,くも
電報,でんぽう
電灯,でんとう
非常に,ひじょうに
音,おと
飛行場,ひこうじょう
食料品,しょくりょうひん
飾る,かざる
首,くび
駐車場,ちゅうしゃじょう
騒ぐ,さわぐ
驚く,おどろく
高校,こうこう
高校生,こうこうせい
高等学校,こうとうがっこう
髪,かみ
鳴る,なる
定期,ていき
宜しい,よろしい
宝,たから
宝石,ほうせき
実,み
実に,じつに
実は,じつは
実施,じっし
実現,じつげん
実行,じっこう
実際,じっさい
実験,じっけん
害,がい
家事,かじ
家具,かぐ
家賃,やちん
容易,ようい
宿,やど
宿泊,しゅくはく
寄付,きふ
密な,みつな
寧ろ,むしろ
審判,しんぱん
対,つい
対する,たいする
対象,たいしょう
専攻,せんこう
尊敬,そんけい
尊重,そんちょう
小,しょう
小包,こづつみ
小屋,こや
小麦,こむぎ
少々,しょうしょう
少しも,すこしも
少女,しょうじょ
少年,しょうねん
尤も,もっとも
就く,つく
就職,しゅうしょく
尻,しり
局,きょく
居る,おる
居眠り,いねむり
居間,いま
届く,とどく
屋根,やね
履く,はく
岩,いわ
岸,きし
嵐,あらし
川,かわ
州,しゅう
州,す
巣,す
左右,さゆう
巨大,きょだい
差,さ
差別,さべつ
市,いち
市場,いちば
布,ぬの
希望,きぼう
帯,おび
帰宅,きたく
常に,つねに
常識,じょうしき
幅,はば
幕,まく
平ら,たいら
平和,へいわ
平均,へいきん
平等,びょうどう
年中,ねんじゅう
年代,ねんだい
年寄,としより
年月,としつき(ねんげつ）
年月,ねんげつ
年間,ねんかん
年齢,ねんれい
幸い,さいわい
幸せ,しあわせ
幸福,こうふく
幸運,こううん
幼い,おさない
幾つ,いくつ
幾ら,いくら
広がる,ひろがる
広告,こうこく
床,ゆか
底,そこ
度,たび
度,ど
座席,ざせき
延期,えんき
建築,けんちく
建設,けんせつ
弁当,べんとう
式,しき
引っ張る,ひっぱる
引用,いんよう
引退,いんたい
張る,はる
強力,きょうりょく
強盗,ごうとう
強調,きょうちょう
弾,たま
当たる,あたる
当てる,あてる
当時,とうじ
影,かげ
影響,えいきょう
役,やく
役割,やくわり
彼等,かれら
後,ご
後,のち
後ろ,うしろ
後者,こうしゃ
徐々に,じょじょに
従う,したがう
従兄弟,いとこ
得る,うる
得る,える
得意,とくい
御,お
微妙,びみょう
微笑む,ほほえむ
徹夜,てつや
徹底,てってい
心理,しんり
心臓,しんぞう
心配,しんぱい・する
必ずしも,かならずしも
必死,ひっし
応じる,おうじる
快適,かいてき
思い出,おもいで
思わず,おもわず
思想,しそう
怠ける,なまける
急に,きゅうに
急激,きゅうげき
急速,きゅうそく
性,せい
性格,せいかく
怪我,けが・する
恋,こい
恋人,こいびと
恐れる,おそれる
恐ろしい,おそろしい
恐怖,きょうふ
恩,おん
息,いき
患者,かんじゃ
悩む,なやむ
悪口,わるくち
悪魔,あくま
悲しむ,かなしむ
悲劇,ひげき
情報,じょうほう
想像,そうぞう
愉快,ゆかい
意外,いがい
意志,いし
意思,いし
意識,いしき
愛,あい
愛する,あいする
愛情,あいじょう
感じ,かんじ
感じる,かんじる
感動,かんどう
感心,かんしん
感情,かんじょう
感覚,かんかく
感謝,かんしゃ
態度,たいど
慎重,しんちょう
憲法,けんぽう
成る,なる
成人,せいじん
成功,せいこう
成績,せいせき
成長,せいちょう
我々,われわれ
我慢,がまん
或,ある
戦い,たたかい
戦う,たたかう
戻す,もどす
所為,せい
手伝い,てつだい
手品,てじな
手段,しゅだん
手術,しゅじゅつ
手間,てま
才能,さいのう
打つ,ぶつ
扱う,あつかう
批判,ひはん
批評,ひひょう
承知,しょうち・する
承認,しょうにん
技師,ぎし
投票,とうひょう
抜く,ぬく
抜ける,ぬける
抱える,かかえる
抱く,いだく
抵抗,ていこう
担当,たんとう
拍手,はくしゅ
招く,まねく
招待,しょうたい・する
拡大,かくだい
持ち上げる,もちあげる
指す,さす
指導,しどう
振る,ふる
捕まる,つかまる
掃除,そうじ/そうじする
掛かる,かかる
推薦,すいせん
掲示,けいじ
掴む,つかむ
描く,えがく
描く,かく
提出,ていしゅつ
提案,ていあん
握る,にぎる
握手,あくしゅ
援助,えんじょ
損,そん
損害,そんがい
撃つ,うつ
操作,そうさ
支える,ささえる
支出,ししゅつ
支店,してん
支度,したく・する
支払,しはらい
支払う,しはらう
支給,しきゅう
支配,しはい
改善,かいぜん
攻撃,こうげき
放す,はなす
放送/放送する,ほうそう・する
政府,せいふ
故郷,こきょう
故障,こしょう
救う,すくう
救助,きゅうじょ
教師,きょうし
教授,きょうじゅ
教科書,きょうかしょ
散歩,さんぽ
敬意,けいい
数,かず
数,すう
数える,かぞえる
数字,すうじ
整理,せいり
敵,てき
文,ぶん
文句,もんく
文字,もじ
文字,もんじ
文明,ぶんめい
料金,りょうきん
断る,ことわる
新た,あらた
新鮮,しんせん
方,ほう
方々,かたがた
方々,ほうぼう
方向,ほうこう
方法,ほうほう
旅,たび
旗,はた
既に,すでに
日,にち
日中,にっちゅう
日付,ひづけ
日光,にっこう
日常,にちじょう
日曜,にちよう
日本,にっぽん・にほん
旧,きゅう
昇る,のぼる
明かり,あかり
明ける,あける
明らか,あきらか
明後日,みょうごにち
明確,めいかく
是非,ぜひ
昼食,ちゅうしょく
時,とき
時刻,じこく
時期,じき
普段,ふだん
景気,けいき
暖かい,あたたか(い)
暗記,あんき
暮らし,くらし
暮らす,くらす
暮れ,くれ
曇,くもり
曜日,ようび
更に,さらに
書斎,しょさい
書物,しょもつ
書類,しょるい
替える/換える,かえる
最も,もっとも
最中,さいちゅう
最低,さいてい
最終,さいしゅう
最高,さいこう
月,つき
月曜,げつよう・げつようび
有る,ある
有利,ゆうり
有効,ゆうこう
有能,ゆうのう
服装,ふくそう
望み,のぞみ
望む,のぞむ
期待,きたい
期間,きかん
木曜/木曜日,もくよう/もくようび
未だ,まだ
未来,みらい
末,すえ
本人,ほんにん
本当,ほんとう・ほんと
本物,ほんもの
札,さつ
材料,ざいりょう
束,たば
条件,じょうけん
来,らい
松,まつ
板,いた
柄,え
柄,がら
栄養,えいよう
株,かぶ
根,ね
格好,かっこう
案,あん
案内,あんない・する
桜,さくら
梅,うめ
梅雨,つゆ
梅雨,ばいう
棒,ぼう
椅子,いす
植物,しょくぶつ
検査,けんさ
検討,けんとう
極,きょく
楽,らく
構う,かまう
構成,こうせい
様,よう
様々,さまざま
様子,ようす
模様,もよう
権利,けんり
横切る,よこぎる
横断,おうだん
機嫌,きげん
機械,きかい
機能,きのう
機関,きかん
欠ける,かける
欠席,けっせき
欠点,けってん
欠陥,けっかん
次々,つぎつぎ
次第,しだい
歌手,かしゅ
歓迎,かんげい
止す,よす
正,せい
正午,しょうご
正式,せいしき
正直,しょうじき
正確,せいかく
武器,ぶき
歩道,ほどう
死亡,しぼう
残す,のこす
残り,のこり
段,だん
殺す,ころす
母親,ははおや
毒,どく
比較,ひかく
毛布,もうふ
氏,し
気に入る,きにいる
気の毒,きのどく
気付く,きづく
気候,きこう
気味,きみ
気温,きおん
水準,すいじゅん
氷,こおり
永久,えいきゅう
永遠,えいえん
求める,もとめる
汗,あせ
汚染,おせん
決まり,きまり
決定,けってい
決心,けっしん
沈む,しずむ
沖,おき
河,かわ
油,あぶら
泉,いずみ
法,ほう
泡,あわ
波,なみ
泥,どろ
注,ちゅう
注ぐ,そそぐ
注ぐ,つぐ
注文,ちゅうもん
注目,ちゅうもく
泳ぎ,およぎ
活動,かつどう
活気,かっき
活用,かつよう
流す,ながす
流れ,ながれ
流れる,ながれる
流行,りゅうこう
浴びる,あびる
海外,かいがい
消費,しょうひ
消防,しょうぼう
涙,なみだ
深刻,しんこく
混乱,こんらん
混雑,こんざつ
清潔,せいけつ
済ませる,すませる
渋滞,じゅうたい
減らす,へらす
減る,へる
温度,おんど
温暖,おんだん
湾,わん
満ちる,みちる
満足,まんぞく
準備,じゅんび・する
溺れる,おぼれる
滅多に,めったに
滞在,たいざい
演奏,えんそう
演技,えんぎ
演説,えんぜつ
激しい,はげしい
濃い,こい
濠,ほり
濡れる,ぬれる
火曜,かよう
火災,かさい
灯,ひ
灰,はい
炎,ほのお
為る,する
為る,なる
無,ぶ
無,む
無し,なし
無事,ぶじ
無料,むりょう
無視,むし
無駄,むだ
煙,けむり
熱中する,ねっちゅうする
熱帯,ねったい
熱心,ねっしん
燃える,もえる
爆発,ばくはつ
父親,ちちおや
牛,うし
物事,ものごと
物価,ぶっか
物理,ぶつり
物語,ものがたり
物質,ぶっしつ
物音,ものおと
特徴,とくちょう
犯人,はんにん
犯罪,はんざい
状態,じょうたい
状況,じょうきょう
狂う,くるう
独り,ひとり
独特,どくとく
独立,どくりつ
独身,どくしん
猿,さる
率,りつ
玉,たま
王,おう
王子,おうじ
王様,おうさま
現す,あらわす
現れ,あらわれ
現れる,あらわれる
現代,げんだい
現在,げんざい
現場,げんば
現実,げんじつ
現状,げんじょう
現象,げんしょう
現金,げんきん
球,きゅう
球,たま
理想,りそう
理解,りかい
環境,かんきょう
瓶,びん
生,なま
生,なま
生き物,いきもの
生じる,しょうじる
生まれ,うまれ
生命,せいめい
生地,きじ
生物,せいぶつ
生産,せいさん
用いる,もちいる
用心,ようじん
田,た
申し訳,もうしわけ
申し込む,もうしこむ
男の人,おとこのひと
男子,だんし
画家,がか
畑,はたけ
留める,とめる
留学,りゅうがく
番,ばん
異なる,ことなる
異常,いじょう
疑う,うたがう
疑問,ぎもん
疲れ,つかれ
症状,しょうじょう
痛み,いたみ
癖,くせ
発展,はってん
発明,はつめい
発行,はっこう
発表,はっぴょう
発見,はっけん
発車,はっしゃ
発達,はったつ
登山,とざん
皆,みんな
皮,かわ
皿,さら
盛り,さかり
監督,かんとく
目標,もくひょう
目的,もくてき
直ちに,ただちに
直に,じかに
直接,ちょくせつ
相当,そうとう
相手,あいて
相続,そうぞく
相談,そうだん/そうだんする
省く,はぶく
県,けん
真っ直ぐ,まっすぐ
真っ赤,まっか
真似,まね
真剣,しんけん
真面目,まじめ
眺め,ながめ
眺める,ながめる
睡眠,すいみん
瞬間,しゅんかん
知らせ,しらせ
知事,ちじ
知恵,ちえ
知能,ちのう
知識,ちしき
石油,せきゆ
石炭,せきたん
砂漠,さばく
破る,やぶる
破産,はさん
硬い,かたい
硬貨,こうか
確かめる,たしかめる
確実,かくじつ
確認,かくにん
示す,しめす
礼,れい
礼儀,れいぎ
祝い,いわい
祝う,いわう
神,かみ
神経,しんけい
祭,まつり
禁止,きんし
禁煙,きんえん
科目,かもく
秒,びょう
秘密,ひみつ
移す,うつす
移動,いどう
程,ほど
程度,ていど
税,ぜい
税金,ぜいきん
種,たね
種類,しゅるい
稲,いね
稼ぐ,かせぐ
穀物,こくもつ
積もる,つもる
積極的,せっきょくてき
穏やか,おだやか
穴,あな
空,から
空き,あき
空く,すく
突然,とつぜん
立ち上がる,たちあがる
立場,たちば
立派,りっぱ
章,しょう
端,はし
競技,きょうぎ
笑い,わらい
笑顔,えがお
笛,ふえ
筆,ふで
等,など
等しい,ひとしい
筋,すじ
筋肉,きんにく
答案,とうあん
管,くだ
管理,かんり
節,ふし
節約,せつやく
範囲,はんい
籠,かご
粉,こな
粗い,あらい
粗末,そまつ
精々,せいぜい
精神,せいしん
約,やく
納得,なっとく
紐,ひも
級,きゅう
素晴らしい,すばらしい
終える,おえる
組,くみ
組む,くむ
組合,くみあい
組織,そしき
経つ,たつ
経営,けいえい
経由,けいゆ
経験,けいけん・する
結ぶ,むすぶ
結局,けっきょく
結果,けっか
結論,けつろん
給料,きゅうりょう
絵画,かいが
絶対,ぜったい
絶滅,ぜつめつ
続き,つづき
維持,いじ
綿,めん
綿,わた
緊張,きんちょう
練習,れんしゅう・する
縁,えん
縁,ふち
縄,なわ
縦,たて
繋ぐ,つなぐ
繰り返す,くりかえす
缶,かん
罪,つみ
罰する,ばっする
署名,しょめい
罹る,かかる
美人,びじん
義務,ぎむ
羽,はね
翼,つばさ
老い,おい
老人,ろうじん
考え,かんがえ
考慮,こうりょ
者,もの
職,しょく
職業,しょくぎょう
肌,はだ
肩,かた
育つ,そだつ
胃,い
背,せい
胸,むね
能,のう
能力,のうりょく
脇,わき
腐る,くさる
腰,こし
腹,はら
膝,ひざ
自動,じどう
自慢,じまん
自殺,じさつ
自然,しぜん
自身,じしん
臭い,くさい
至る,いたる
舌,した
舞台,ぶたい
航空,こうくう
船,ふね
芝居,しばい
芝生,しばふ
芸術,げいじゅつ
芽,め
苦しい,くるしい
苦しむ,くるしむ
苦労,くろう
苦手,にがて
苦痛,くつう
茶,ちゃ
莫大,ばくだい
菓子,かし
著者,ちょしゃ
虎,とら
虫歯,むしば
行き,いき/ゆき
行儀,ぎょうぎ
行動,こうどう
街,まち
衛星,えいせい
衝突,しょうとつ
衣服,いふく
表,ひょう
表す,あらわす
表情,ひょうじょう
表現,ひょうげん
表面,ひょうめん
袋,ふくろ
袖,そで
被る,かぶる
被害,ひがい
裁判,さいばん
装置,そうち
裏切る,うらぎる
裸,はだか
製品,せいひん
製造,せいぞう
褒める,ほめる
要するに,ようするに
要求,ようきゅう
要点,ようてん
要素,ようそ
覆う,おおう
見事,みごと
見当,けんとう
見舞い,みまい
見解,けんかい
見送り,みおくり
覚ます,さます
覚める,さめる
覚悟,かくご
親しい,したしい
親友,しんゆう
親戚,しんせき
観光,かんこう
観客,かんきゃく
観察,かんさつ
角,つの
解く,とく
解ける,とける
解決,かいけつ
解釈,かいしゃく
触れる,ふれる
言う,ゆう
言わば,いわば
言語,げんご
計,かたち
計る,はかる
計画,けいかく・する
計算,けいさん
訓,くん
訓練,くんれん
記事,きじ
記入,きにゅう
記念,きねん
記憶,きおく
記者,きしゃ
記録,きろく
訪問,ほうもん
設備,せつび
設計,せっけい
許す,ゆるす
訳,やく
訴える,うったえる
診察,しんさつ
証明,しょうめい
評価,ひょうか
評判,ひょうばん
試し,ためし
試す,ためす
詩,し
詩人,しじん
詰める,つめる
話し合う,はなしあう
話題,わだい
詳しい,くわしい
誇り,ほこり
認める,みとめる
誕生,たんじょう
誘う,さそう
語,ご
語る,かたる
語学,ごがく
誤り,あやまり
誤解,ごかい
説,せつ
読み,よみ
読書,どくしょ
誰か,だれか
課,か
調子,ちょうし
調査,ちょうさ
請求,せいきゅう
論じる,ろんじる
論争,ろんそう
論文,ろんぶん
諦める,あきらめる
諺,ことわざ
謎,なぞ
講演,こうえん
警告,けいこく
議会,ぎかい
議員,ぎいん
議論,ぎろん
議長,ぎちょう
譲る,ゆずる
谷,たに
豆,まめ
豊か,ゆたか
豊富,ほうふ
象,ぞう
豪華,ごうか
負け,まけ
財産,ざいさん
貢献,こうけん
貧しい,まずしい
販売,はんばい
責める,せめる
責任,せきにん
貯金,ちょきん
貰う,もらう
貴重,きちょう
費用,ひよう
資本,しほん
資源,しげん
賛成,さんせい
賞,しょう
賢い,かしこい
質,しつ
贅沢,ぜいたく
贈る,おくる
起こる,おこる
越える,こえる
越す,こす
跡,あと
身,み
身体,しんたい
身長,しんちょう
軍,ぐん
軍隊,ぐんたい
軒,けん
軒,のき
転ぶ,ころぶ
輝く,かがやく
輪,わ
輸入,ゆにゅう・する
輸出,ゆしゅつ・する
轢く,ひく
辛い,つらい
辞める,やめる
農家,のうか
農業,のうぎょう
農民,のうみん
辺り,あたり
迎え,むかえ
近代,きんだい
近頃,ちかごろ
述べる,のべる
迷子,まいご
迷惑,めいわく
追い付く,おいつく
追う,おう
退屈,たいくつ
逆,ぎゃく
逆らう,さからう
途端,とたん
通じる,つうじる
通す,とおす
通り,とおり
通り過ぎる,とおりすぎる
通信,つうしん
通学,つうがく
通行,つうこう
通過,つうか
速度,そくど
連れ,つれ
連想,れんそう
連続,れんぞく
逮捕,たいほ
週,しゅう
週間,しゅうかん
進める,すすめる
進学,しんがく
進歩,しんぽ
遂に,ついに
遅刻,ちこく
運,うん
運動,うんどう・する
運転,うんてん・する
過ごす,すごす
過去,かこ
道徳,どうとく
道路,どうろ
達する,たっする
違い,ちがい
違いない,ちがいない
違反,いはん
遠慮,えんりょ
適する,てきする
適切,てきせつ
適度,てきど
適用,てきよう
選手,せんしゅ
選択,せんたく
避ける,さける
邪魔,じゃま
部分,ぶぶん
郵便,ゆうびん
都,みやこ
都会,とかい
都市,とし
配達,はいたつ
酒,さけ
酔う,よう
酸素,さんそ
重大,じゅうだい
重要,じゅうよう
重視,じゅうし
野,の
量,りょう
金,かね
金,きん
金属,きんぞく
金庫,きんこ
金曜,きんよう
金融,きんゆう
金銭,きんせん
金額,きんがく
針,はり
釣,つり
鉄,てつ
鉄道,てつどう
銀,ぎん
銃,じゅう
銅貨,どうか
鋭い,するどい
鍋,なべ
鍵,かぎ
鎖,くさり
長期,ちょうき
閉じる,とじる
開始,かいし
間,ま
間違い,まちがい
関する,かんする
関心,かんしん
関連,かんれん
防ぐ,ふせぐ
降ろす,おろす
限る,かぎる
限界,げんかい
除く,のぞく
陰,かげ
陸,りく
陽気な,ようき
随分,ずいぶん
際,さい
障害,しょうがい
隠す,かくす
隠れる,かくれる
集まり,あつまり
集中,しゅうちゅう
集団,しゅうだん
雇う,やとう
離す,はなす
